A1HE3-4;ALFILER 1 HUECO ENTORCHADO 3 - 4;A1HE3-4;UND;;0,75;
A1HE3-4F;ALFILER 1 HUECO ENTORCHADO 3 - 4 FDA/GD;A1HE3-4F;UND;6;7,2;3
A2H1-2;ALFILER 2 HUECOS 1 - 2;A2H1-2;UND;;0,44;
A2H1-2FG;ALFILER 2 HUECOS 1 - 2 FDA/GDE;A2H1-2FG;UND;3,5;4,2;3
A2H3-4;ALFILER 2 HUECOS 3 - 4;A2H3-4;UND;;0,5;
A2H3-4FG;ALFILER 2 HUECOS 3 - 4 FDA/GDE;A2H3-4FG;UND;4;4,8;3
AAAA;AGUJA;AAAA;;;0,13;
AAB;AGUJA DE ARETE BRONCE;AAB;UND;;0,69;
AABFG;AGUJA DE ARETE BRONCE FDA/GDE;AABFG;UND;5,5;6,6;3
AACB;ASAS DE ARETE COBRE;AACB;UND;;0,66;
AACBF;ASAS DE ARETE COBRE FDA/GDE;AACBF;UND;5,25;6,3;3
AACP;ALAMBRE DE ACERO FDA/PEQ.;AACP;UND;;0,89;
AACR;ARGOLLA DE ACERO;AACR;UND;;1,82;
AAD10;AGUJA DE ARETE DIAMANTE # 10;AAD10;UND;0,6;0,75;
AAE15;ARGOLLA ALUMINIO ENTORCHADA 1.8 X 15;AAE1;UND;;1,56;
AAE20;ARGOLLA ALUMINO ENTORCHADA 1.8 X 20;AAE18;UND;;1,88;
AAE15F;ARGOLLA ALUM. ENT. 1.8 X 15 FDA/ GDE;AAE1F;UND;12,5;15;3
AAE20F;ARGOLLA ALUM. ENTOR. 1.8 X 20 FDA/ GDE;AAE1F;UND;15;18;3
AAE3;ARGOLLA ALUMINIO ENTORCHADA 3.0 X 31;AAE3;UND;;0,88;
AAE32;ARGOLLA ALUMINIO ENTORCHADA 3.2 X 27;AAE32;UND;;0,81;
AAE32F;ARGOLLA ALUM. ENTOR. 3.2 X 27 FDA/GDE;AAE32F;UND;6,5;7,8;3
AAE3F;ARGOLLA ALUM. ENTOR. 3.0 X 31FD/GDE;AAE3F;UND;7;8,4;3
AAF;AGUJA DE ARETE FLOR;AAF;UND;0,5;0,63;6
AAFG;ARGOLLA DE ACERO F/GR;AAFG;UND;14,5;17,4;3
AAFP;ALAMBRE ALPACA FDA/PEQ.;AAFP;UND;;0,89;
AAKG;ALAMBRE ALPACA /KG;AAKG;UND;13,2;15,84;3
AAKILO;ALAMBRE AUMINIO KG.;AAKILO;UND;;15;1
AAPG;AGUJA DE ARETE PLANA GRANDE;AAPG;UND;;1,19;
AAPGFG;AGUJA DE ARETE PLANA GRANDE FDA/GDE;AAPGFG;UND;9,5;11,4;3
AAPP;AGUJA DE ARETE PLANA PEQUEÑA;AAPP;UND;;1,19;
AAPPFG;AGUJA DE ARETE PLANA PEQUEÑA FDA/GDE;AAPPFG;UND;9,5;11,4;3
AARG;AGUJA DE ARETE REDONDA GRANDE;AARG;UND;;0,69;
AARGFG;AGUJA DE ARETE REDONDA GRANDE FDA/GDE;AARGFG;UND;5,5;6,6;3
AARKG;ALAMBRE ACERO ROLLO KG;AARKG;UND;;15;1
AARP;AGUJA DE ARETE REDONDA PEQUEÑA;AARP;UND;;0,56;
AARPFG;AGUJA DE ARETE REDONDA PEQUEÑA F/G;AARPFG;UND;4,5;5,4;3
AART;ASAS DE ARETE;AART;UND;;0,88;
AARTF;ASAS DE ARETE FDA/GDE;AARTF;UND;7;8,4;3
ABAT;ANILLO PARA BASE ATACHE;ABAT;UND;0,11;0,16;6
ABN12;ARETE BOTON NIQ. # 12;ABN12;UND;;0,8;
ABN16;ARETE BOTON NIQ. # 16;ABN16;UND;;1,4;
ABN20;ARETE BOTON NIQ. # 20;ABN20;UND;;1,85;
ABNP10;ARETE BOLA NIQ/PLATA # 10;ABNP10;UND;;0,75;
ABNP14;ARETE BOLA NIQ/PLATA # 14;ABNP14;UND;;1,35;
ABNP16;ARETE BOLA NIQ/PLATA # 16;ABNP16;UND;;1,85;
ABNP8;ARETE BOLA NIQ/PLATA # 8;ABNP8;UND;;0,5;
ABTL;APLIQUE BOTON DE TELA;ABTL;UND;0,25;0,32;6
ABTLP;APLIQUE BOTON DE TELA PEQ.;ABTLP;UND;0,1;0,13;6
ABTM;APLIQUE BOTON DE TELA MEDIANO;ABTM;UND;0,2;0,25;6
ACCTDI;ASA CERRADA CON TORNILLO DIAMANTE;ACCTDI;UND;1,2;1,5;6
ACCTOR;ASA CERRADA CON TORNILLO;ACCTOR;UND;0,45;0,54;6
ACENU;ASAS CERRADAS NUEVA;ACENU;UND;;0,84;
ACERR;ASA CERRADAS;ACERR;UND;;0,19;
ACEX100;ASA CERRADAS;ACEX100;UND;15;18;3
ACFINA;ASAS CERRADAS FINA;ACFINA;UND;;0,19;
ACFX100;ASAS CERRADAS FINA;ACFX100;UND;15;18;3
ACMN;APLIQUE CARA DE MUÑEQUITAS;ACMN;UND;0,4;0,5;6
ACON;ARETE DE CONCHA;ACON;UND;;0,45;
ACPCG;ATACHE PARA COSER GRANDE;ACPCG;UND;1,5;1,89;6
ACPCO;ATACHE CUADRADO PARA COSER;ACPCO;UND;;3,15;
ACPCP;ATACHE PARA COSER PEQUEÑO;ACPCP;UND;0,9;1,13;6
ACXDOC;ASAS CERRADA X DOCENA;ACXDOC;UND;8;9,6;3
ACHP;AGUJA PARA CHAQUIRA PEQUENA;ACHP;UND;0,5;0,63;6
AD08;ARGOLLA DIAMANTE # 8;AD08;UND;0,35;0,44;6
AD10;ARGOLLA DIAMANTE # 10;AD10;UND;0,4;0,5;6
AD15;ARGOLLA DIAMANTE # 15;AD15;UND;0,65;0,82;6
ADDO09;ARGOLLA DIAMANTE DOBLE # 09;ADDO09;UND;0,65;0,82;6
ADDO12;ARGOLLA DIAMANTE DOBLE # 12;ADDO12;UND;0,7;0,88;6
ADM;ARETE CON DIAMANTE MEDIANO;ADM;UND;;2;
ADP;ARETE CON DIAMANTE PEQUEÑO;ADP;UND;;1,5;
ADPLAS;ARGOLLA DIAMANTE PLASTICA;ADPLAS;UND;0,4;0,5;6
ADPSAN;ARGOLLA DOBLE PARA SANDALIA;ADPSAN;UND;;0,44;
AECHP;AGUJA P/ENSARTAR CHAQUIRA /50;AECHP;UND;;0,11;
AECHP50;AGUJA P/ENSARTAR CHAQUIRA /50F;AECHP50;UND;1,5;1,88;6
AFCB;ARETE FINO CON BRILLO;AFCB;UND;;2,5;
AFG;ARETE FINO GRANDE;AFG;UND;1,75;2,19;6
AFGR;APLIQUE FLORES GRANDES;AFGR;UND;3;3,75;6
AFT10;ARGOLLA FINA T - 7100;AFT10;UND;0,35;0,45;6
AFT13;ARGOLLA FINA T - 1380;AFT13;UND;0,15;0,19;6
AFT16;ARGOLLA FINA T - 1666;AFT16;UND;0,4;0,5;6
AFT67;ARGOLLA FINA T - 1667;AFT67;UND;0,35;0,45;6
AFT68;ARGOLLA FINA T - 1668;AFT68;UND;0,4;0,5;6
AFT71;ARGOLLA FINA T - 6071;AFT71;UND;0,2;0,25;6
AFT81;ARGOLLA FINA T - 8146;AFT81;UND;;0,2;
AGUJX100;AGUJA X100;AGUJX100;UND;5;;
AK102;ARGOLLA ALUMINIO K102;AK102;UND;;1,44;
AK102F;ARGOLLA DE ALUMINIO K102 FDA/GD;AK102F;UND;11,5;13,8;3
AK104;ARGOLLA ALUMINIO K104;AK104;UND;;1,19;
AK104F;ARGOLLA DE ALUMINIO K104 FDA/GD;AK104F;UND;9,5;11,4;3
AK105;ARGOLLA ALUMINIO K105;AK105;UND;;0,74;
AK105F;ARGOLLA DE ALUMINIO K105 FDA/GD;AK105F;UND;5,9;7,08;3
AK106-107;ARGOLLA ALUMINIO K106-107;AK106-107;UND;;0,56;
AK106-7F;ARGOLLA DE ALUMINIO K106-K107 FDA/GD;AK106-7F;UND;4,5;5,4;3
ALF6;ALFILER 2 HUECOS 5 - 6;ALF6;UND;;0,63;
ALF6FG;ALFILER 2 HUECOS 5 - 6 FDA/GDE;ALF6FG;UND;5;6;3
ALMA;ALAMBRE MEMORIA ANILLO;ALMA;UND;;0,86;
ALMAKG;ALAMBRE MEMORIA ANILLO / KG;ALMAKG;UND;6,9;8,28;3
ALMC;ALAMBRE MEMORIA COLLAR;ALMC;UND;;0,86;
ALMCKG;ALAMBRE MEMORIA COLLAR / KG;ALMCKG;UND;6,9;8,28;3
ALMLPKG;ALAMBRE MEMORIA PULSERA / KG;ALMLPKG;UND;12;14,4;3
ALMP;ALAMBRE MEMORIA PULSERA;ALMP;UND;;1,5;
ALMPOFT;ALAMBRE MEMORIA PULSERA OFERTA;ALMPOFT;UND;;1,2;
ALL0.25F;ARGOLLA LLAVERO 0.25 x 1000 FDA/GDE;ALL0.25F;UND;7,5;9;3
ALL0.28;ARGOLLA LLAVERO 0.28 x 50 PLANA FDA/PEQ;ALL0.28;UND;;2,06;
ALL0.28F;ARGOLLA LLAVERO 0.28 x 1000 PLANA FDA/GDE;ALL0.28F;UND;16,5;19,8;3
ALL0.30;ARGOLLA LLAVERO 0.30 x 50;ALL0.30;UND;;2,13;
ALL0.30F;ARGOLLA LLAVERO 0.30 x 1000 FDA/GDE;ALL0.30F;UND;17;20,4;3
ALL0.32;ARGOLLA LLAVERO 0.32 x 25 PLANA;ALL0.32;UND;;2,19;
ALL.32PF;ARGOLLA LLAVERO 0.32 x 500 PLANA FDA/GDE;ALL.32PF;UND;17,5;21;3
ALLO.25;ARGOLLA LLAVERO 0.25 x 50;ALLO.25;UND;;0,94;
ALLPL;ARGOLLA LLAVERO 0.30 PLANA x 50;ALLPL;UND;;2,38;
ALLPLF;ARG. LLAVERO 0.30 PLANA x 1000 FG;ALLPLF;UND;19;22,8;3
AMAA;ALAMBRE MEMORIA ARETE;AMAA;UND;;0,86;
AMAAKG;ALAMBRE MEMORIA ARETE / KG;AMAAKG;UND;6,9;8,28;3
ANAF;ANILLO AGATA FACETEADO;ANAF;UND;0,4;0,5;6
ANAG;ANILLO AGATA;ANAG;UND;0,35;0,44;6
ANPL;ANILLO PLACA LARGA;ANPL;UND;;0,16;
AP1HOJA;APLIQUE 1 HOJA;AP1HOJA;UND;0,2;0,25;6
AP2FPQ;APLIQUE 2 FLOR PEQUEÑA;AP2FPQ;UND;0,09;0,11;6
AP2RL;APLIQUE 2 ROSAS LARGAS;AP2RL;UND;0,43;0,54;6
AP6FL;APLIQUE 6 FLORES;AP6FL;UND;0,45;0,56;6
APAM;ANILLO DE PIEDRA AMATISTA;APAM;UND;5;6;6
APCRIS;APLIQUE CON PEPA CRISTAL;APCRIS;UND;3,8;4,75;6
APER;ARETE PERLA;APER;UND;0,65;0,82;6
APFIN;ARETE PERLA FINA;APFIN;UND;;1;
APFP;APLIQUE FLOR PEQUEÑA;APFP;UND;0,13;0,16;6
APFPQ;APLIQUE FLORES PAQUETE;APFPQ;UND;2;2,5;6
APGF;APLIQUE GAJOS DE FLORES;APGF;UND;0,4;0,5;6
APGL;APLIQUE GAJOS LARGOS;APGL;UND;0,91;1,14;6
APGR;APLIQUE GRANDE PARA ROPA;APGR;UND;4;5;6
APHB;APLIQUE HOJA BORDADA;APHB;UND;0,12;0,15;6
APHC;APLIQUE HOJA CORAZON;APHC;UND;0,25;0,31;6
APLAM;ATACHE PLASTICO MD.;APLAM;UND;0,15;0,19;6
APLAP;ATACHE PLAST.PEQ.;APLAP;UND;0,13;0,16;6
APLAR;ATACHE PLASTICO PARA ROPA;APLAR;UND;;0,6;
APLAS;ATACHE PLASTICO;APLAS;UND;0,16;0,2;6
APLC;APLIQUE CARACOL;APLC;UND;0;0,71;
APLEM;APLIQUE CON LENTEJUELA MEDIANO;APLEM;UND;0,55;0,69;6
APLEN;APLIQUE CON LENTEJUELA;APLEN;UND;0,6;0,75;6
APLIXM;APLIQUE x METRO;APLIXM;UND;1,5;1,9;6M
APLx12;APLIQUE LANA X 12;APLx12;UND;1,8;2,25;6
APMG;APLIQUE MARIPOSA GRANDE;APMG;UND;0,75;0,94;6
APOK;APLIQUE OK.;APOK;UND;0,5;0,63;6
APRL;APLIQUE ROSA LENTEJUELA;APRL;UND;0,3;0,39;6
APTP;APLIQUE TULIPAN;APTP;UND;0,35;0,44;6
APVM;APLIQUE VARIOS MODELOS;APVM;UND;0,4;0,5;6
APZAP;ATACHE PARA ZAPATOS;APZAP;UND;0,25;0,31;6
AR2HUE;ARGOLLA DOS HUECOS;AR2HUE;UND;;0,42;
ARA30;ARGOLLA ALUMINIO 3.0 x 2.6;ARA30;UND;;0,56;
ARA30F;ARGOLLA DE ALUMINIO 3.0 x 2.6 FDA/GD;ARA30F;UND;4,5;5,4;3
ARAL2.0;ARGOLLA ALUMINIO 2.0 x 1.2;ARAL2.0;UND;;1,72;
ARAL2.0F;ARGOLLA ALUMINIO 2.0 x 1.2 FDA/GDE;ARAL2.0F;UND;13,75;16,5;3
ARAL3;ARGOLLA ALUMINIO 3.0 x 3.1;ARAL3;UND;;0,69;
ARAL3F;ARGOLLA DE ALUMINIO 3.0 x 3.1 FDA/GD;ARAL3F;UND;5,5;6,6;3
ARAX1000;ARGOLLA ARETE x 1000;ARAX1000;UND;;2,81;
ARBM;ARGOLLA BAMBU MADERA;ARBM;UND;0,75;0,94;
ARFNS3;ARETE FINO CONF3;ARFNS3;UND;;2,68;
ARG05;ARGOLLA 0.5;ARG05;UND;;0,58;
ARG05F;ARGOLLA 0.5 FDA/ GDE.;ARG05F;UND;4,6;5,52;3
ARG3;ARGOLLA 3.5 mm;ARG3;UND;;0,65;
ARG3F;ARGOLLA 3.5 mm FDA/ GDE;ARG3F;UND;5,2;6,24;3
ARGCB;ARGOLLA 0.5 COBRE / BRONCE;ARGCB;UND;;0,46;
ARGCBF;ARGOLLA 0.5 COBRE / BRONCE FDA/GDE;ARGCBF;UND;3,7;4,44;3
ARGN;ARGOLLA 0.5 NEGRA;ARGN;UND;;0,46;
ARGNF;ARGOLLA 0.5 NEGRA FDA/GDE;ARGNF;UND;3,7;4,44;3
ARLZ;APLIQUE ROSA - LAZO;ARLZ;UND;0,2;0,25;6
AROR;APLIQUE ROSA HORGANZA;AROR;UND;0,4;0,5;6
ARPRE;ARGOLLA DE PRESION;ARPRE;UND;;2;
ARPREF;ARGOLLA DE PRESION FDA/GDE;ARPREF;UND;16;19,2;3
ARQK120;ARGOLLA ALUMINIO QK120;ARQK120;UND;;1,72;
ARQK120F;ARGOLLA ALUMINO QK120 FDA/GDE;ARQK120F;UND;13,75;16,5;3
ARX1000F;ARGOLLA ARETE x 1000 FDA/GDE;ARX1000F;UND;22,5;27;3
ASATCH;ADORNO DE SANDALIA PARA ATACHE;ASATCH;UND;;0,38;
ASEN;APLIQUE SENCILLO;ASEN;UND;0,3;0,38;6
ATCH;ATACHES;ATCH;UND;;0,45;
ATCHF;ATACHES FDA/GDE;ATCHF;UND;3,5;4,38;3
ATCHP;ATACHES PEGABLE;ATCHP;UND;;1,3;
ATCHPF;ATACHES PEGABLES FDA/GDE;ATCHPF;UND;10;12;3
AVMCB;ARETE VARIOS MODELOS CON BRILLO;AVMCB;UND;;1,5;
BAAR;BASE ANILLO CON ARGOLLA;BAAR;UND;0,4;0,5;6
BAMA;BASE ANILLO CON MAYA;BAMA;UND;0,4;0,5;6
BAXP;BASE PARA ARETE X PAR;BAXP;UND;1,5;1,88;6
BDI1-600;BALANZA DIGITAL 0.1- 600g.;BDI1-600;UND;40;50;3
BGDI;BROCHE GRANDE CON DIAMANTE;BGDI;UND;0,65;0,81;6
BGFIN;BROCHE GANCHO FINO;BGFIN;UND;;0,23;
BGFX100;BROCHE GANCHO FINO X100;BGFX100;UND;18;21,6;3
BGGR;BROCHE GANCHO GRANDE;BGGR;UND;;1,75;
BGGRF;BROCHE GANCHO GRANDE FDA/GDE;BGGRF;UND;14;16,8;3
BGME;BROCHE GANCHO MEDIANO;BGME;UND;;1,25;
BGMEF;BROCHE GANCHO MEDIANO FDA/GDE;BGMEF;UND;10;12;3
BGPE;BROCHE GANCHO PEQUEÑO;BGPE;UND;;1;
BGPEF;BROCHE GANCHO PEQUEÑO FDA/GDE;BGPEF;UND;8;9,6;3
BGPL;BROCHE GANCHO PLANO FDA/GDE;BGPL;UND;17;20,4;3
BGPLF;BROCHE GANCHO PLANO FDA/PEQ;BGPLF;UND;;2,13;
BGTAG;BOLAS TAGUA;BGTAG;UND;0,18;0,23;
BMAZ0;BROCHE MAZI 1.0;BMAZ0;UND;;0,75;
BMAZ1;BROCHE MAZI 1.4;BMAZ1;UND;;0,94;
BMAZ1.4F;BROCHE MAZI 1.4 FDA/GDE;BMAZ1.4F;UND;7,5;9;3
BMAZI;BROCHE MAZI 0.6;BMAZI;UND;;0,5;
BMAZIF;BROCHE MAZI 0.6 FDA/GDE;BMAZIF;UND;4;4,8;3
BMF04;BOLA METALICA FINA # 4;BMF04;UND;5;6,25;3
BMF06;BOLA METALICA FINA #6;BMF06;UND;;0,1;
BMF08;BOLA METALICA FINA # 8;BMF08;UND;;0,12;
BMF10;BOLA METALICA FINA # 10;BMF10;UND;;0,18;
BMF10X100;BOLA METALICA FINA # 10;BMF10X100;UND;14;16,8;3
BMF12;BOLA METALICA FINA # 12;BMF12;UND;;0,23;
BMF12X100;BOLA METALICA FINA # 12;BMF12X100;UND;18;21,6;3
BMF6X100;BOLA METALICA FINA #6;BMF6X100;UND;7,5;9;3
BMF8X100;BOLA METALICA FINA # 8;BMF8X100;UND;9;10,8;3
BMPA;BROCHE MAGNETICO PASTILLA;BMPA;UND;0,2;0,26;6
BNAZ1.0F;BROCHE MAZI 1.0 FDA/GDE;BNAZ1.0F;UND;6;7,2;3
BODE04;BOLA DEBUTA # 04;BODE04;UND;0,4;0,5;6
BODE06;BOLA DEBUTA # 06;BODE06;UND;0,4;0,5;6
BODE08;BOLA DEBUTA # 08;BODE08;UND;0,5;0,63;6
BODE10;BOLA DEBUTA # 10;BODE10;UND;0,75;0,95;6
BODE12;BOLA DEBUTA # 12;BODE12;UND;1,1;1,39;6
BOLM2;BOLA METALICA # 2;BOLM2;UND;;0,75;
BOLM2F;BOLA METALICA # 2 FDA GRD.;BOLM2F;UND;6;7,2;3
BOLM4;BOLA METALICA # 4;BOLM4;UND;;1,06;
BOLM4F;BOLA METALICA # 4 FDA/GDE;BOLM4F;UND;8,5;10,2;3
BOLM6;BOLA METALICA # 6;BOLM6;UND;;0,56;
BOLM6F;BOLA METALICA # 6 FDA/GDE;BOLM6F;UND;4,5;5,4;3
BOLM8;BOLA METALICA # 8;BOLM8;UND;;1,06;
BOLM8F;BOLA METALICA # 7-8 FDA/GDE;BOLM8F;UND;8,5;10,2;3
BOXD;BOTONES X DOCENA PARA COSER;BOXD;UND;;0,54;
BRBAG;BROCHE BARRIL GRANDE;BRBAG;UND;;2,88;
BRBAGF;BROCHE BARRIL GRANDE FDA/GDE;BRBAGF;UND;23;27,6;3
BRBP;BROCHE BARRIL PEQUEÑO;BRBP;UND;;2,31;
BRBPF;BROCHE BARRIL PEQUEÑO FDA/GDE;BRBPF;UND;18,5;22,2;3
BRCG;BROCHE CONCHA GRANDE;BRCG;UND;6,8;8,5;6
BRCM;BROCHE CONCHA MEDIANA;BRCM;UND;4,8;6;6
BRCP;BROCHE CONCHA PEQUEÑO;BRCP;UND;3,9;4,88;6
BRDA;"BROCHE DIAMANTE "" A """;BRDA;UND;0,5;0,63;6
BRDGR;BROCHE DIAMANTE GRANDE;BRDGR;UND;0,6;0,76;6
BRGBG;BROCHE GANCHO BRONCE GRANDE;BRGBG;UND;;2;
BRGBGF;BROCHE GANCHO BRONCE GRANDE FDA/GDE;BRGBGF;UND;16;19,2;3
BRGEX;BROCHE GANCHO EXT/GRANDE;BRGEX;UND;4;4,8;3
BRGEXF;BROCHE GANCHO EXT/GDE;BRGEXF;UND;;0,5;
BRGM;BROCHE GANCHO BRONCE MEDIANO;BRGM;UND;;1,5;
BRGMF;BROCHE GANCHO BRONCE MEDIANO FDA/GDE;BRGMF;UND;12;14,4;3
BRGP;BROCHE GANCHO BRONCE PEQUEÑO;BRGP;UND;;1,44;
BRGPF;BROCHE GANCHO BRONCE PEQUEÑO FDA/GDE;BRGPF;UND;11,5;13,8;3
BRGRA;BROCHE GRANDE;BRGRA;UND;;2,38;
BRGRAF;BROCHE GRANDE FDA/GDE;BRGRAF;UND;19;22,8;3
BRIEX;BROCHE IMAN EXTRA GRANDE;BRIEX;UND;0,85;1,06;6
BRO2V;BROCHE 2 VUELTAS;BRO2V;UND;;0,54;
BRO3V;BROCHE 3 VUELTAS;BRO3V;UND;;0,75;
BRO3VF;BROCHE 3 VUELTAS FDA/GDE;BRO3VF;UND;6;7,2;3
BROF;BROCHE FINO;BROF;UND;0,45;0,57;6
BROG;BROCHE GAFETE;BROG;UND;0,45;0,57;6
BROPA;BROCHE PASTILLA;BROPA;UND;0,6;0,75;6
BROPE;BROCHE PEQUEÑO;BROPE;UND;;1,88;
BROPEF;BROCHE PEQUEÑO FDA/GDE;BROPEF;UND;15;18;3
BROPI;BROCHE CON PIEDRA;BROPI;UND;2,5;3,13;6
BROPLAS;BROCHE PLASTICO FDA/GDE;BROPLAS;UND;3,57;4,29;3
BROPLASF;BROCHE PLASTICO FDA/PQ;BROPLASF;UND;;0,45;
BROR;"BROCHE "" R """;BROR;UND;0,6;0,76;3
BROSV;BROCHE SALVAVIDA;BROSV;UND;0,45;0,57;6
BRPLDOC;BR. PLAST. PARA MALETAS;BRPLDOC;UND;;1,5;
BRRF;BROCHE REDONDO FINO;BRRF;UND;0,65;0,82;6
BX100CO;BOTONES X 100 PARA COSER;BX100CO;UND;4,25;5,1;3
CA/30;CADENA A/30;CA/30;UND;0,73;0,92;100
CAB1.5;CADENA BOLA 1.5;CAB1.5;UND;0,5;0,63;100
CAB1.5B;CADENA BOLA 1.5 BRONCE;CAB1.5B;UND;0,54;0,68;100
CAB1.5X3;CADENA B 1.5 X 3.0;CAB1.5X3;UND;0,8;1;100
CAB2.0;CADENA BOLA 2.0;CAB2.0;UND;0,66;0,83;100
CAB2.0B;CADENA BOLA 2.0 BRONCE;CAB2.0B;UND;0,72;0,9;100
CAB2.4X4;CADENA B2.4 x 4.8;CAB2.4X4;UND;0,95;1,19;100
CAB3.2X6;CADENA B 3.2 x 6.4;CAB3.2X6;UND;1,2;1,5;100
CACBR;CADENA COBRE / BRONCE;CACBR;UND;0,12;0,15;60M
CACR2.4;CADENA CR 2.4;CACR2.4;UND;0,65;0,81;100
CACR4.0;CADENA CR 4.0;CACR4.0;UND;1;1,25;100
CADEO;CADENA O FINA;CADEO;UND;;0,44;
CADGRU;CADENA GRUESA;CADGRU;UND;1,13;1,42;100
CADK13;CADENA K13;CADK13;UND;0,88;1,1;100
CADK14;CADENA K14;CADK14;UND;0,65;0,82;100
CADK15;CADENA K15;CADK15;UND;0,58;0,73;100
CADK16;CADENA K16;CADK16;UND;0,65;0,82;100
CADK17;CADENA K17;CADK17;UND;0,6;0,75;100
CADK18;CADENA K18;CADK18;UND;0,35;0,44;100
CADL19;CADENA L19;CADL19;UND;0,3;0,38;100
CADO;CADENA O;CADO;UND;0,15;0,21;60M
CADO100;CADENA O 100 mt;CADO100;UND;0,15;0,21;100
CADT21;CADENA T21;CADT21;UND;0,1;0,14;60M
CAFIN;CADENA FINA;CAFIN;UND;;2,5;
CAGR;CASCAJO GRANDE;CAGR;UND;;0,45;
CAK1620;CADENA K1620;CAK1620;UND;0,75;0,9;100
CAK1621D;CADENA K 1621 DIAMANTADA;CAK1621D;UND;0,75;0,9;100
CAK1622;CADENA K1622;CAK1622;UND;0,68;0,85;100
CAK1809;CADENA K1809;CAK1809;UND;0,6;0,72;100
CAK19;CADENA K19;CAK19;UND;1,1;1,38;100
CAK75;CADENA K75;CAK75;UND;0,62;0,81;100
CAK846;CADENA K846;CAK846;UND;6,5;7,8;100
CALCO;CALCOMANIA 60 x 46;CALCO;UND;2,7;3,38;6
CANUT;CANUTILLO TORCIDO;CANUT;UND;1,8;2,16;6
CAPLAFI;CADENA PLANA FINA;CAPLAFI;UND;0,15;0,2;100
CAPLAGR;CADENA PLANA GRUESA;CAPLAGR;UND;0,19;0,24;100
CARN3.2;CADENA RN 3.2;CARN3.2;UND;1;1,2;100
CASC;CASCAJO;CASC;UND;;0,45;
CASCN;CASCAJO NATURAL;CASCN;UND;1,2;1,5;6
CASCO;CASCAJO OJO DE GATO x 3;CASCO;UND;;0,89;
CASCHN;CASCAJO CONCHA NATURAL;CASCHN;UND;;0,45;
CASOF;CASCAJO OFERTA;CASOF;UND;;0,45;
CAUTI;CAUTIN PARA ATACHES;CAUTI;UND;85;102;3
CAVM;CORAL ARROZ VARIOS MODELOS;CAVM;UND;0,08;0,1;6
CBF1.5X3;CADENA BOLA FINA 1.5 X 3.0;CBF1.5X3;UND;0,85;1,06;100
CCC;CASCAJO CRISTAL COLOR;CCC;UND;;0,45;
CCGR;CARTERA DE COCO GDE.;CCGR;UND;;25;
CCMD;CARTERA DE COCO MED.;CCMD;UND;;20;
CCNF;CONCHA NATURAL FINA;CCNF;UND;;0,75;
CCOLKG;CORDON COLA DE RATA KG;CCOLKG;UND;8,5;8,93;3
CCOLRA;CORDON COLA DE RATA;CCOLRA;UND;;0,04;
CCPQ;CARTERA DE COCO PEQ.;CCPQ;UND;;10;
CCTP;CORAL CUADRADO TUBO PASTILLA;CCTP;UND;0,1;0,13;6
CCHN;CASCAJO CONCHA NACAR;CCHN;UND;1,25;1,56;6
CCHR;COLLAR CONCHA REDONDO;CCHR;UND;0,85;1,07;6
CDBIS;CD;CDBIS;UND;;5;
CDTM1.9;CADENA TM 1.9;CDTM1.9;UND;0,6;0,72;100
CEF1.8K;CORDON ELASTICO FINO 1.8 .KG;CEF1.8K;UND;;13,75;
CEG2.8;CORDON ELASTICO GRUESO 2.8;CEG2.8;UND;;0,38;
CEG2.8K;CORDON ELASTICO  GRUESO 2.8. KG;CEG2.8K;UND;;10,63;
CEM2.0K;CORDON ELASTICO MED. 2.0 KG;CEM2.0K;UND;;11,88;
CEMXR;CORDON ELASTICO  MED. x ROLLO;CEMXR;UND;4,5;5,63;3
CFPLA;CADENA DE PLATINO FINA;CFPLA;UND;;10;
CGYM;CUELLOS DE GIPIUR MEDIANO;CGYM;UND;1,75;2,19;6
CGYP;COELLO DE GIPIUR PEQUEÑO;CGYP;UND;0,7;0,88;6
CINFIN;CINTURON FINO;CINFIN;UND;;1,9;
CINNF1;CINTA F1;CINNF1;;;0,2;
CINTE1;CINTA E1;CINTE1;UND;;0,22;
CINTH1;CINTA H1 X 50YD;CINTH1;UND;;0,1;
CIRCLL;CIRCULO DE CUELLO;CIRCLL;UND;0,45;0,59;6
CIRDMA;CIRCULO DE MANO;CIRDMA;UND;;0,27;
CJC6;CUARZO JADE CUADRADO # 06;CJC6;UND;0,75;0,9;6
CJCL6;CUARZO JADE CUADRADO LARGO # 6;CJCL6;UND;0,95;1,14;6
CJRG;CUARZO RECTANGULAR GDE. 8 X 16;CJRG;UND;1,5;1,8;6
CJRM;CUARZO RECTANGULAR MED. 6 X 12;CJRM;UND;1,1;1,32;6
CJT;CUARZO JADE TORCIDO;CJT;UND;1,5;1,8;6
CK1032;CADENA K1032;CK1032;UND;1,7;2,04;100
CK1046;CADENA K1046;CK1046;UND;1,75;2,19;100
CK1047;CADENA K1047;CK1047;UND;4,25;5,31;100
CK10615;CADENA K10615;CK10615;UND;5,25;6,3;100
CK10619;CADENA K10619;CK10619;UND;4,2;5,04;100
CK12306;CADENA K12306;CK12306;UND;1,9;2,38;100
CK1233;CADENA K 1233;CK1233;UND;1,3;1,56;100
CK13301;CADENA K13301;CK13301;UND;2,85;3,57;100
CK13608;CADENA K13608;CK13608;UND;2,25;2,7;100
CK1426;CADENA K1426;CK1426;UND;2,55;3,06;100
CK1466;CADENA K1466;CK1466;UND;3,75;4,69;100
CK1524;CADENA K1524;CK1524;UND;1;1,25;100
CK1721;CADENA K 1721;CK1721;UND;1,35;1,62;100
CK1819;CADENA K819;CK1819;UND;4,5;5,4;100
CK18D;CADENA K18 DOBLE;CK18D;UND;1,38;1,8;100
CK826;CADENA K826;CK826;UND;5,25;6,3;100
CLAFC;CLAVO NIQUEL FINO CON CABEZA;CLAFC;UND;0;1,23;
CLAN;CLAVO NEGRO;CLAN;UND;;0,63;
CLANF;CLAVO NEGRO FDA/GDE;CLANF;UND;5;6;3
CLAVN;CLAVO NIQUEL;CLAVN;UND;;0,75;
CLAVNF;CLAVO NIQUEL FDA/GDE;CLAVNF;UND;6;7,2;3
CLCB;CLAVO COBRE / BRONCE;CLCB;UND;;0,59;
CLCBF;CLAVO COBRE / BRONCE FDA/GDE;CLCBF;UND;4,5;5,4;3
CLFCR;CLAVO NIQUEL FINO CABEZA REDONDA;CLFCR;UND;0;1,88;
CLNFP;CLAVO NIQUEL FINO /PQ.;CLNFP;UND;;0,95;
CMETR;CINTA METRICA;CMETR;UND;0,15;0,19;6
CNA10;"CRISTAL NATURAL "" A"" # 10";CNA10;UND;2;2,5;6
CNA4;"CRISTAL NATURAL ""A"" # 04";CNA4;UND;1,9;2,39;6
CNA4R;"CRISTAL NATURAL ""A"" 1.5 # 04";CNA4R;UND;3,5;4,38;6
CNA6;"CRISTAL NATURAL ""A"" # 6";CNA6;UND;2,5;3,13;6
CNA8;"CRISTAL NATURAL "" A"" # 8";CNA8;UND;1,4;1,75;6
CNAB10;"CRISTAL NATURAL "" A "" 1.5 BOLA # 10";CNAB10;UND;5,5;6,88;6
CNAB1.56;"CRISTAL NAT. ""A"" 1.5 BOLA # 6";CNAB1.56;UND;4,5;5,63;6
CNAB4;"CRISTAL NAT. ""A"" 1.5 BOLA # 4";CNAB4;UND;3,5;4,38;6
CNAB6;"CRISTAL NATURAL "" A"" BOLA # 06";CNAB6;UND;1,7;2,13;6
CNAB6N;"CRISTAL NAT. ""A"" BOLA # 6 NUEVA";CNAB6N;UND;2,5;3,13;6
CNAB8;"CRISTAL NAT. ""A"" 1.5 BOLA # 8";CNAB8;UND;5;6,25;6
CNAB8P;"CRISTAL NATURAL "" A"" BOLA # 08";CNAB8P;UND;2;2,5;6
CNABP12;"CRISTAL NATURAL ""A"" BOLA 12";CNABP12;UND;2,5;3,13;6
CNARR;CONCHA NATURAL ARROZ;CNARR;UND;;0,5;
CNB3/4;CONCHA NATURAL BOLA 3/4;CNB3/4;UND;0,8;1;6
CNBOL12;CONCHA NATURAL BOLA # 12;CNBOL12;UND;1,95;2,44;6
CNBOL6;CONCHA NATURAL BOLA # 6;CNBOL6;UND;0,8;1;6
CNBOL8;CONCHA NATURAL BOLA # 8;CNBOL8;UND;0,95;1,19;6
CNC4;CRISTAL NATURAL CUADRADO # 04;CNC4;UND;2,5;3,13;6
CNC6;CRISTAL NATURAL CUADRADO # 06;CNC6;UND;2,75;3,44;6
CNC8;CRISTAL NATURAL CUADRADO # 08;CNC8;UND;3;3,75;6
CND10;CRISTAL NATURAL DIAMANTE # 10;CND10;UND;3,6;4,5;6
CND12;CRISTAL NATURAL DIAMANTE # 12;CND12;UND;4,25;5,31;6
CND14;CRISTAL NATURAL DIAMANTE # 14;CND14;UND;4,95;6,19;6
CNEX6;"CRISTAL NATURAL  ""A"" EXAGONAL #6 - #8";CNEX6;UND;5;6,25;6
CNFCF;CLAVO NIQ.FINO/CABEZA FUNDA;CNFCF;UND;9,8;11,76;3
CNFCRF;CLAVO NIQ. FINO CABEZA RED.FUN;CNFCRF;UND;15;18;3
CNFFU;CLAVO NIQ.FINO FUNDA;CNFFU;UND;7,5;9;3
CNO10;CRISTAL OVALO # 10;CNO10;UND;5,5;6,88;6
CNO12;CRISTAL OVALO # 12;CNO12;UND;6;7,5;6
CNO14;CRISTAL OVALO # 14;CNO14;UND;8;10;6
CNO4;CRISTAL OVALO # 4;CNO4;UND;3;3,75;6
CNO6;CRISTAL OVALO # 6;CNO6;UND;4,5;5,63;6
CNO8;CRISTAL OVALO # 8;CNO8;UND;5;6,25;6
CNVM;CRISTAL NATURAL VARIOS MODELOS;CNVM;UND;1;1,25;6
COCC;COLLAR CONCHA COLOR;COCC;UND;1;1,31;6
COCIN;COLLAR CON CINTA;COCIN;UND;;3,13;
COCHNV;CONCHA NATURA V/ MODEL0S;COCHNV;UND;0,75;0,94;6
COCHQ;COLLAR DE CHAQUIRA;COCHQ;UND;0,75;0,94;6
COFX100;CADENA O FINA X100 M;COFX100;UND;35;42;100
COLCO;COLLAR DE COCO;COLCO;UND;;1,05;
COLFG;COLLAR FINO GRANDE;COLFG;UND;;7,5;
COLFP;COLLAR FINO PEQUENO;COLFP;UND;;3;
COLPNG;COLLAR PIEDRA NATURAL GRANDE;COLPNG;UND;3,5;4,2;6
COLPNP;COLLAR PIEDRA NATURAL PEQUENO;COLPNP;UND;2,5;3,29;6
COLLAR;COLLAR SURTIDO ARMADO ( A-B );COLLAR;UND;;4,91;
COLLOF;COLLAR OFERTA;COLLOF;UND;;1,3;
COLLSA;"COLLAR SURTIDO SERIE "" A """;COLLSA;UND;;1,78;
COLLSB;"COLLAR SURTIDO "" SERIE B """;COLLSB;UND;;2,46;
COLLSC;"COLLAR SERIE ""C""";COLLSC;UND;;4,02;
COLLSER;COLLAR SERPIENTE;COLLSER;UND;;1,8;
CONCAS;CONCHA CASCAJO;CONCAS;UND;1,9;2,39;6
CORCAS;CORAL CASCAJO;CORCAS;UND;0,05;0,07;6
CORCO;CORTADOR DE COLLAR;CORCO;UND;0,6;0,76;6
COREL;CORDON ELASTICO FINO 1.8.;COREL;UND;;0,15;
COREM;CORDON ELASTICO MED. 2.0;COREM;UND;;0,2;
CORSP;CORDON DE SEDA /PQ.;CORSP;UND;0,29;0,37;6
CORTH;CORTA HILACHAS;CORTH;UND;0,5;0,63;12
COV1.5.4;CRISTAL OVALO 1.5 # 4;COV1.5.4;UND;4;5;6
CRIENT;CRISTAL ENTORCHADO;CRIENT;UND;;0,53;
CRISFO;CRISTAL FOSFORECENTE;CRISFO;UND;;0,75;
CRISHOJ;CRISTAL HOJA;CRISHOJ;UND;0,75;0,95;6
CRISTL.4;CRISTAL LARGO # 04;CRISTL.4;UND;;0,22;
CRISTL6;CRISTAL LARGO # 06;CRISTL6;UND;;0,45;
CRISTL8;CRISTAL LARGO # 08;CRISTL8;UND;;1,2;
CRISTN10;CRISTAL NATURAL # 10;CRISTN10;UND;1,5;1,58;6
CRISTN4;CRISTAL NATURAL # 04;CRISTN4;UND;0,5;0,63;6
CRISTN6;CRISTAL NATURAL # 06;CRISTN6;UND;0,75;0,93;6
CRISTN8;CRISTAL NATURAL # 08;CRISTN8;UND;0,95;1,2;6
CROX12;CROCHETS X DOC.;CROX12;UND;1,3;1,63;6
CROXUN;CROCHETS x UN.;CROXUN;UND;0,4;0,5;6
CRUZP;CRUZES PLASTICAS;CRUZP;UND;;3;
CRUZPF;CRUZES PLASTICAS FDA/GDE;CRUZPF;UND;25;30;3
CSEBG;COLLAR SERPIENTE CON BRILLO GRANDE;CSEBG;UND;;2,9;
CSEBP;COLLAR SERPIENTE CON BRILLO PEQUEÑO;CSEBP;UND;;2,5;
CSYB1.9;CADENA SYB 1.9;CSYB1.9;UND;1,9;2,28;100
CSYB2.4;CADENA SYB 2.4;CSYB2.4;UND;2;2,4;100
CSYB3.2;CADENA SYB 3.2;CSYB3.2;UND;2,2;2,64;100
CTN6;CRISTAL TORNASOL NATURAL 6;CTN6;UND;1,9;2,39;6
CUADRO;CUADRO;CUADRO;UND;;24,11;
CUARJB10;CUARZO JADE BOLA # 10;CUARJB10;UND;0,75;0,9;6
CUARJB12;CUARZO JADE BOLA # 12;CUARJB12;UND;;0,8;
CUARJB16;CUARZO JADE BOLA # 16;CUARJB16;UND;;0,95;
CUARJB6;CUARZO JADE BOLA # 06;CUARJB6;UND;0,45;0,54;6
CUARJB8;CUARZO JADE BOLA # 08;CUARJB8;UND;0,6;0,72;6
CUARJC;CUARZO JADE CUERNO;CUARJC;UND;;0,95;
CUARJC10;CUARZO JADE CUADRADO # 10;CUARJC10;UND;1,1;1,32;6
CUARJC4;CUARZO JADE CUADRADO # 04;CUARJC4;UND;0,5;0,6;6
CUARJC8;CUARZO JADE CUADRADO # 08;CUARJC8;UND;0,9;1,08;6
CUARJCG;CUARZO JADE CAMPANA GRANDE;CUARJCG;UND;;0,75;
CUARJCP;CUARZO JADE CAMPANA PEQUEÑA;CUARJCP;UND;;0,5;
CUARJE;CUARZO JADE ENTORCHADO;CUARJE;UND;1,5;1,8;6
CUARJP;CUARZO JADE PASTILLA;CUARJP;UND;;0,6;
CUARJR8;CUARZO JADE PLANO REDONDO/8;CUARJR8;UND;;0,6;
CW19;CADENA W19;CW19;UND;0,62;0,8;100
CY1419;CADENA Y 1419;CY1419;UND;0,85;1,07;100
CY1455;CADENA  Y1455;CY1455;UND;0,95;1,19;100
CY1631;CADENA Y 1631;CY1631;UND;1,6;2;100
CY1737;CADENA Y1737;CY1737;UND;0,85;1,02;100
CY1738;CADENA Y1738;CY1738;UND;1,2;1,44;100
CY1739;CADENA Y 1739;CY1739;UND;1,3;1,63;100
CY18-18;CADENA Y-1818;CY18-18;UND;0,75;0,94;100
CY1829;CADENA Y1829;CY1829;UND;0,85;1,08;100
CY1906;CADENA Y-1906;CY1906;UND;0,75;0,94;100
CY1925;CADENA Y1925;CY1925;UND;0,85;1,02;100
CY1926;CADENA Y 1926;CY1926;UND;1,4;1,75;100
CHAARN;CHAQUIRA (amarilla,azul,roja,naranja);CHAARN;UND;2,25;2,82;6
CHAH;CHAQUIRA HIELO;CHAH;UND;1,25;1,5;6
CHAMES;CHAQUIRA METALIZADA ESPECIAL;CHAMES;UND;5,5;6,88;6
CHAQ;CHAQUIRA;CHAQ;UND;1,75;2,19;6
CHAQM;CHAQUIRA METALIZADA;CHAQM;UND;2,25;2,82;6
CHAQP;CHAQUIRA FDTAS. PEQUEÑA;CHAQP;UND;;0,45;
CHAXM;CHAQUIRA X METRO;CHAXM;UND;0,1;0,13;6M
CHBI;CHAQUIRA BICOLOR;CHBI;UND;3,5;4,38;6
CHSURT;CHAQUIRA SURTIDA;CHSURT;UND;;0,47;
DAGO;DIJE AGATA OVALADA;DAGO;UND;0.45;0.56;
DAMX100;DIJE ACERO MEDIANO X 100;DAMX100;UND;10,5;12,6;3
DAMXFU;DIJE ACERO MEDIANO;DAMXFU;UND;10,5;12,6;6
DBB10;DIAMANTE DE BRASIL BOLA # 10;DBB10;UND;0,9;1,13;6
DBB12;DIAMANTE DE BRASIL BOLA # 12;DBB12;UND;1;1,2;6
DBB4;DIAMANTE DE BRASIL BOLA # 04;DBB4;UND;0,35;0,42;6
DBB5X8;DIAMANTE DE BRASIL 5 x 8 / 6 x 8;DBB5X8;UND;0,75;0,94;6
DBB6X9;DIAMANTE DE BRASIL 6 x 9;DBB6X9;UND;0,8;0,96;6
DBB8;DIAMANTE DE BRASIL BOLA # 08;DBB8;UND;0,6;0,75;6
DBBC4;DIAMANTE DE BRASIL CUADRADO # 04;DBBC4;UND;0,35;0,44;6
DBBC6;DIAMANTE DE BRASIL CUADRADO # 06;DBBC6;UND;0,45;0,57;6
DBBC8;DIAMANTE DE BRASIL CUADRADO # 08;DBBC8;UND;0,9;1,13;6
DBBI10;DMT/BRASIL BOLA IMAN # 10;DBBI10;UND;0,9;1,13;6
DBB6;DIAMANTE DE BRASIL BOLA # 06;DBBI6;UND;0,45;0,54;6
DBBI6;DMT/BRASIL BOLA IMAN # 6;DBBI6;UND;0,7;0,88;6
DBBI8;DMT / BRASIL BOLA IMAN # 8;DBBI8;UND;0,8;1;6
DBDPX12;DIAMANTE DE BRASIL C/DIJE PEQ x 12;DBDPX12;UND;1,65;2,07;6
DBE/C;DIAMANTE DE BRASIL ESTRELLA / CORAZON;DBE/C;UND;1,5;1,88;6
DBMAG;DIAMANTE DE BRASIL MAGNETICO;DBMAG;UND;0,8;1;6
DBP6;DIAMANTE DE BRASIL PASTILLA # 06;DBP6;UND;0,5;0,63;6
DBP8;DIAMANTE DE BRASIL PASTILLA # 08;DBP8;UND;0,8;1;6
DBT5X8I;DIAMANTE DE BRASIL TUBO 5X8 IMAN;DBT5X8I;UND;0,7;0,84;6
DCCM;DIJE CRISTAL CORAZON.MARIPOSA;DCCM;UND;0,15;0,19;6
DDB2H;DIJE DIAMANTE DE BRASIL 2 HUECOS;DDB2H;UND;0,02;0,02;6
DDBX100;DIJE DIAMANTE DE BRASIL x 100;DDBX100;UND;0,03;0,03;3
DIDVX;DIJES DIAMANTE VARIOS MODELOS X PAR;DIDVX;UND;0,8;1;6
DIJAG;DIJE ACERO GRANDE;DIJAG;UND;1,5;1,89;6
DIJAM;DIJE ACERO MEDIANO;DIJAM;UND;;1,25;6
DIJAR;DIJES PARA ARETES;DIJAR;UND;0,75;0,95;6
DIJCAG;DIJE CRISTAL ATACHE GRANDE;DIJCAG;UND;1;1,25;6
DIJCAM;DIJE CRISTAL ATACHE MEDIANO;DIJCAM;UND;0,6;0,75;6
DIJCAR;DIJE CONCHA ARGOLLA;DIJCAR;UND;0,15;0,19;6
DIJCB;DIJE CONCHA CON BASE;DIJCB;UND;6,8;8,5;6
DIJCG;DIJE CRISTAL GOTA;DIJCG;UND;0,19;0,24;6
DIJCGG;DIJE CRISTAL GOTA GRANDE;DIJCGG;UND;0,8;1;6
DIJCGM;DIJE CRISTAL GOTA MEDIANA;DIJCGM;UND;0,4;0,5;6
DIJCOP;DIJE CRISTAL OCTAGONAL PEQUEÑO;DIJCOP;UND;0,4;0,5;6
DIJCPP;DIJES DE CONCHA PERLA PEQUEÑO;DIJCPP;UND;0,5;0,63;6
DIJCPPA;DIJE CRISTAL PEQUEÑO PASTILLA;DIJCPPA;UND;0,12;0,15;6
DIJCPR;DIJE CRISTAL PEQUENO REDONDO;DIJCPR;UND;0,1;0,13;6
DIJCRG;DIJE CRISTAL REDONDO GRANDE;DIJCRG;UND;0,5;0,65;6
DIJCRP;DIJE CRISTAL ROMBO PEQUEÑO;DIJCRP;UND;0,4;0,5;6
DIJDVM;DIJE DIAMANTE VARIOS MODELOS;DIJDVM;UND;2,5;3,13;6
DIJEBX1;DIJE CON BASE x 1;DIJEBX1;UND;;0,45;
DIJECEL;DIJE PARA CELULAR X12;DIJECEL;UND;;0,09;
DIJECP;DIJE CONCHA PINTADA;DIJECP;UND;0,22;0,28;6
DIJECR;DIJE CONCHA ROSA;DIJECR;UND;0,35;0,44;6
DIJGH;DIJE GEMA CON HUECOS;DIJGH;UND;0,8;1,01;6
DIJGNG;DIJE GEMA NATURAL GRANDE;DIJGNG;UND;0,75;0,94;6
DIJMET;DIJE METALICO;DIJMET;UND;0,4;0,5;6
DIJMETP;DIJE METALICO PEQUEÑO;DIJMETP;UND;;0,69;
DIJMETPF;DIJE METALICO PEQUEÑO FDA/GDE;DIJMETPF;UND;5,5;6,6;3
DIJOG;DIJE CONCHA HOJA GRANDE;DIJOG;UND;0,75;0,94;6
DIJOGO;DIJE OJO DE GATO OVALO;DIJOGO;UND;;0,56;
DIJOGP;DIJE OJO DE GATO PEQUEÑO;DIJOGP;UND;;0,21;
DIJPN;DIJE PIEDRA NATURAL;DIJPN;UND;5;6,25;6
DIJQFP;DIJE CUARZO FLOR/PQ.;DIJQFP;UND;1,2;1,51;6
DIJVFO;DIJE VITROFUSION OVALO;DIJVFO;UND;0,75;0,94;6
DIJVFP;DIJE VITROFUSION PEQUEÑO;DIJVFP;UND;0,9;1,13;6
DIJVFV;DIJE VITRO FUSION VARIOS MODELOS;DIJVFV;UND;1,9;2,38;6
DJCLX100;DIJE PARA CELULAR;DJCLX100;UND;3,5;4,68;6
DLLCOF;DIJE LLAVERO PARA CELULAR OFERTA;DLLCOF;UND;;0,18;
DMETGF;DIJE METALICO GRANDE FDA/GDE;DMETGF;UND;;10;
DMETMF;DIJE METALICO MEDIANO FDA/GDE;DMETMF;UND;6;7,2;3
DMETOF;DIJE METALICO  OFERTA  6 pares;DMETOF;UND;;0,89;
DOGOPT;DIJE OJO DE GATO OVALO PEQ. TI;DOGOPT;UND;4,5;5,4;6
DOGOT;DIJE OJO DE GATO OVALO TIRA;DOGOT;UND;7;8,4;6
E244-313;ENCAJE REF. # 244 - # 313;E244-313;UND;0,15;0,19;6
EAPEQ;EXSIBIDORES DE ARETE PEQ.;EAPEQ;UND;3;3,75;6
EEROLLO;ENCAJE ELASTICO ROLLO;EEROLLO;UND;9,5;11,4;3
EFROLLO;ENCAJE FINO ROLLO;EFROLLO;UND;7,5;9;3
EHPL;ENCAJE HILO PLATEADO CON LENTEJUELA;EHPL;UND;1;1,25;6
ELAST;ELASTICO;ELAST;UND;0,5;0,63;6
ELASTL;ELASTICO LARGO;ELASTL;UND;2;2,5;6
ENCAJC;ENCAJE CUADRADO;ENCAJC;UND;0,36;0,48;6
ENCAJET;ENCAJE ENTRENSADO;ENCAJET;UND;0,25;0,41;6
ENCAJFI;ENCAJE FINO;ENCAJFI;UND;0;0,45;
ENCAJS;ENCAJE TIRA CUERO SENCILLO;ENCAJS;UND;0,3;0,5;6
ENCEL;ENCAJE  ELASTICO;ENCEL;UND;0;0,55;6
ENCGP;ENCAJE GIPIUR PEQ. (DS-401660E1.3/F);ENCGP;UND;0,36;0,45;6
ENCJ11B;ENCAJE 11BORDES;ENCJ11B;UND;0,78;1,05;6
ENCJ1B;ENCAJE 1 BORDES;ENCJ1B;UND;0,25;0,41;6
ENCJ5B;ENCAJE 5 BORDES;ENCJ5B;UND;0,43;0,59;6
ENCJC;ENCAJE TEJIDO DE CUERO;ENCJC;UND;0,4;0,55;6
ENCJCR;ENCAJE COLA DE RATA;ENCJCR;UND;0,25;0,4;6
ENCJM;ENCAJE MEDALLA;ENCJM;UND;0,7;0,9;6
ENCJN;ENCAJE NUDO;ENCJN;UND;0,25;0,4;6
ENCJP;ENCAJE CON PERLA;ENCJP;UND;0,36;0,59;6
ENCJTX1;ENCAJE TIRA x 1;ENCJTX1;UND;0,1;0,13;6
ENCTG;ENCAJE TIRA GAMUZA;ENCTG;UND;0,3;0,4;6
EREF336;ENCAJE REF. # 336;EREF336;UND;0,2;0,25;6
EREF445;ENCAJE REF. # 445;EREF445;UND;0,25;0,32;6
EREF703;ENCAJE REF. # 703;EREF703;UND;0,35;0,44;6
EREF722;ENCAJE  REF. # 722;EREF722;UND;0,12;0,15;6
EREF730;ENCAJE  REF. # 730;EREF730;UND;0,3;0,38;6
ESC11;ESTUCHE DE CUERO 11x12;ESC11;UND;3;3,75;6
ESC22;ESTUCHE DE CUERO 22 x 5.5;ESC22;UND;3;3,75;6
ESC9X;ESTUCHE DE CUERO 8x9;ESC9X;UND;2,75;3,44;6
ESC9X5;ESTUCHE DE CUERO 9 x 5;ESC9X5;UND;2,8;3,36;6
ESCEP;ESTUCHE CUADRADO EXTRA PEQUEÑO;ESCEP;UND;0,25;0,31;6
ESCGR;ESTUCHE CUADRADO GRANDE;ESCGR;UND;;0,76;
ESCMD;ESTUCHE CUADRADO MED.;ESCMD;UND;0,62;0,78;6
ESCPE;ESTUCHE CUADRADO PEQUEÑO;ESCPE;UND;0,4;0,5;6
ESG12;ESTUCHE GAMUZA 12 x 17.5;ESG12;UND;4,2;5,29;6
ESG22;ESTUCHE GAMUZA 22x5;ESG22;UND;2,4;3,02;6
ESG9;ESTUCHE GAMUZA 9x11;ESG9;UND;2,4;3;6
ESTC;ESTUCHE CORAZON;ESTC;UND;0,4;0,5;6
ESTC9X9;ESTUCHE CUADRADO 9 x 9;ESTC9X9;UND;0,55;0,69;6
ESTCB;ESTUCHE BRILLOSO;ESTCB;UND;6,5;7,8;6
ESTCP;ESTUCHE CUERO PEQ.;ESTCP;UND;1,45;1,74;6
ESTGA;ESTUCHE DE GAMUZA;ESTGA;UND;2,4;3;6
ESTOR;ESTUCHE TORNASOL;ESTOR;UND;0,55;0,69;6
ESTPLAN;ESTUCHE PLASTICO DE ANILLO;ESTPLAN;UND;0,25;0,3;6
ESTPLG;ESTUCHES PLASTICO GRANDE;ESTPLG;UND;0,75;0,75;6
ESTR8X11;ESTUCHE RECTANGULAR 8 x 11;ESTR8X11;UND;0,6;0,75;6
EXAGR;EXSIBIDORES DE ARETE GRANDE;EXAGR;UND;6,8;8,16;6
EXHIB;EXHIBIDORES;EXHIB;UND;5;6;6
FATG;FICHA PARA ARETE TAGUA /GD.;FATG;UND;0,12;0,15;6
FATM;FICHA PARA ARETE TAGUA /MD.;FATM;UND;0,1;0,13;6
FATP;FICHA PARA ARETE TAGUA /PQ.;FATP;UND;0,11;0,14;6
FICHP;FICHA PULSERA;FICHP;UND;0,12;0,15;6
FORMSU;FORMITURAS SURTIDAS ·# 2;FORMSU;UND;;0,54;
FUNX16;FUNDA CON CIERRE 11 x 16 GDE;FUNX16;UND;1,85;2,29;6
FUNX7;FUNDA CON CIERRE 7x 10 PEQ.;FUNX7;UND;0,95;1,19;6
FUNX9;FUNDA CON CIERRE 9 x 13 MED.;FUNX9;UND;1,45;1,81;6
GALLAVP;GANCHO LLAVERO PEQUEÑO;GALLAVP;UND;;0,09;
GALLAVPF;GANCHO LLAVERO PEQUEÑO FDA/GDE;GALLAVPF;UND;4,3;5,16;3
GANCA;GANCHOS DE ARETES;GANCA;UND;;0,09;
GANLLG;GANCHO LLAVERO GRANDE;GANLLG;UND;;0,13;
GANLLGF;GANCHO LLAVERO GRANDE F/GDE.;GANLLGF;UND;7;8,4;3
GANX500;GANCHO DE ARETE NUEVO X500;GANX500;UND;20;24;3
GANXN;GANCHO DE ARETE NUEVO PQ.;GANXN;UND;;0,12;
GANXP;GANCHO DE ARETE FINO NUEVO;GANXP;UND;;0,16;
GAPX500;GANCHO ARETE NUE. PEQ. X500;GAPX500;UND;15;18;3
GARGCH;GARGANTILLA DE CHAQUIRA;GARGCH;UND;0,79;0,99;6
GAX500;GANCHO DE ARETE X500;GAX500;;10;12.5;3
GLLAVM;GANCHO LLAVERO MEDIANO;GLLAVM;UND;;0,11;
GLLAVMF;GANCHO LLAVERO MEDIANO F/GDE.;GLLAVMF;UND;6,5;7,8;3
GRANB10;GRANATE BOLA # 10;GRANB10;UND;10;12,5;6
GRANB12;GRANATE BOLA # 12;GRANB12;UND;12,5;15,63;6
GRANB3;GRANATE BOLA # 03 - 04;GRANB3;UND;5,5;6,88;6
GRANB6;GRANATE BOLA # 06;GRANB6;UND;8;10;6
GRANB8;GRANATE BOLA # 08;GRANB8;UND;9,5;11,88;6
GRANC;GRANATE CASCAJO;GRANC;UND;2,9;3,63;6
GRANF11;GRANATE FACETEADO BOLA # 11 - 12;GRANF11;UND;16,5;20,62;6
GRANF8;GRANATE FACETEADO BOLA # 08;GRANF8;UND;14;17,5;6
GRANF9;GRANATE FACETEADO BOLA # 09 - 10;GRANF9;UND;15;18,75;6
GRANP;GRANATE PASTILLA;GRANP;UND;5,2;6,5;6
GRANT;GRANATE TUBO;GRANT;UND;5,5;6,88;6
GRANV;GRANATE VARIOS MODELOS;GRANV;UND;5,5;6,88;6
HALG;HILO ALGODON GRUESO;HALG;UND;1,5;1,8;6
HALGF;HILO ALGODON FINO;HALGF;UND;1,2;1,44;6
HCAUCHK;HILO CAUCHO / KG;HCAUCHK;UND;5;6,25;3
HELAST;HILO ELASTICO COLOR;HELAST;UND;0,5;0,63;6
HELASTO;HILO ELASTICO COLOR OFERTA;HELASTO;UND;;0,4;
HELOFX2;HILO ELASTICO OFERTA # 2 x 4;HELOFX2;UND;;0,89;
HENXR1;HILO ENSERADO x ROLLO 1.0;HENXR1;UND;4,8;6;6
HENXR1.5;HILO ENSERADO x ROLLO 1.5;HENXR1.5;UND;6;7,5;6
HENXR2.0;HILO ENSERADO x ROLLO 2.0;HENXR2.0;UND;4,8;6;6
HILBX12;HILO DE BORDAR x 12 un.;HILBX12;UND;1,3;1,63;6
HILBXRO;HILO PARA BORDAR   x ROLLO;HILBXRO;UND;;0,75;
HILCM;HILO CUERO METALIZADO;HILCM;UND;0,14;0,18;100
HILCTB;HILO CUERO TRENSADO CON BRILLO;HILCTB;UND;0,23;0,29;100
HILCTD;HILO CUERO TRENSADO DOBLE;HILCTD;UND;0,33;0,41;100
HILCTP;HILO CUERO TRENSADO PLANO;HILCTP;UND;0,27;0,34;100
HILCTR;HILO CUERO TRENSADO;HILCTR;UND;0,18;0,23;100
HILDCEL;HILO DIJE PARA CELULAR;HILDCEL;UND;1,5;1,88;6
HILNKG;HILO NYLON / KG;HILNKG;UND;10;10,5;3
HILNY;HILO NYLON;HILNY;UND;0,5;0,63;6
HILOC;HILO CUERO;HILOC;UND;0,19;0,23;6
HILOP;HILO PERLA;HILOP;UND;1,95;2,44;6
HILP;HILO PARA COSERX12CAJA;HILP;UND;1,2;1,44;6
HILPC;HILO PARA COSER;HILPC;UND;;0,2;
HILPDOR;HILO PLATEADO/DORADO;HILPDOR;UND;0,95;1,2;6
HILPDPX;HILO PLATEADO DORADO x ROLLO PEQ.;HILPDPX;UND;1,2;1,5;6
HILP/DX8;HILO PLATEADO /DORADO x 8 un.;HILP/DX8;UND;1,2;1,5;6
HILTJXK;HILO PARA TEJER x KG;HILTJXK;UND;7,5;9,38;3
HO08-10;HOJALILLOS # 8-10;HO08-10;UND;;0,31;
HO12-14;HOJALILLOS # 12-14;HO12-14;UND;;0,38;
HO12FUN;HOJALILLOS #12-14 XF;HO12FUN;UND;10;12;3
HO16-18;HOJALILLOS # 16-18;HO16-18;UND;;0,48;
HO16FUN;HOJALILLOS # 16-18 XF;HO16FUN;UND;15;18;3
HO8X100;HOJALILLOS # 8-10 XF;HO8X100;UND;5;6;3
HOJPB;HOJALILLOS PARA BOTON;HOJPB;UND;18;22,5;3
IMPERLA;IMPERDIBLE / LANA;IMPERLA;UND;2;2,5;6
LENTEJ;LENTEJUELA FDA/PEQ;LENTEJ;UND;;0,69;
LENTEJO;LENTEJUELA FDA/PEQ. OFERTA;LENTEJO;UND;;0,45;
LENTJF;LENTEJUELA FDA/GDE;LENTJF;UND;5,5;6,6;3
LENTJRO;LENTEJUELA / ROLLO;LENTJRO;UND;4;4,8;6
LENTXM;LENTEJUELA x METRO;LENTXM;UND;;0,09;
LETDOM;"LETRA DIAMANTE "" O"" MEDIANA";LETDOM;UND;0,45;0,54;6
LETDOP;"LETRA DIAMANTE ""O"" PEQUEÑA.";LETDOP;UND;0,4;0,5;6
LOPA;"LETRA ""O"" PARA PEGAR ATACHE";LOPA;UND;0,15;0,19;6
LPC;LAZO PARA CINTURON;LPC;UND;0,38;0,48;6
LTJOFF;LENTEJUELA FDA/GDE OFERTA;LTJOFF;UND;;3,14;
LLAVMO;LLAVERO METALICO OFERTA;LLAVMO;UND;0,45;0,45;6
LLAVSEL;LLAVERO SELECCION;LLAVSEL;UND;;0,22;
MALLGR;MUÑECO ANGELES LLAVERO GRANDE;MALLGR;UND;0,75;0,9;6
MALLMF;MALLA METALICA FDA/GDE;MALLMF;UND;7,5;9;3
MALLMP;MALLA METALICA FDA/PEQ;MALLMP;UND;;0,94;
MAQ201;MAQUINA PARA COSER # 201;MAQ201;UND;;11,5;
MAQ208;MAQUINA PARA COSER # 208;MAQ208;UND;;16;
MAQ988;MAQUINA PARA COSER * 988;MAQ988;UND;;10;
MAQMA;MAQUINA PARA COSER MANUAL;MAQMA;UND;;7,5;
MAQPM;MAQUINA PARA MOÑOS;MAQPM;UND;28;33,6;3
MARAFI;MARIPOSA DE ARETE FINA;MARAFI;UND;4;5;6
MARPAB;MARIPOSA DE ARETE BRONCE;MARPAB;UND;;0,94;
MARPABF;MARIPOSA DE ARETE BRONCE FDA/GDE;MARPABF;UND;7,5;9;3
MARPAR;MARIPOSA DE ARETE;MARPAR;UND;;0,94;
MARPARF;MARIPOSA DE ARETE FDA/GDE;MARPARF;UND;7,5;9;3
MPLLMD;MUÑECO PARA LLAVERO MEDIANO;MPLLMD;UND;0,4;0,48;6
MUNLLA;MUÑECO PARA LLAVERO;MUNLLA;UND;0,98;1,23;6
MUNLLM;MUÑECO PARA LLAVERO MOVIBLE;MUNLLM;UND;2,25;2,81;6
MUNLLP;MUÑECO PARA LLAVERO PEQUEÑO;MUNLLP;UND;0,32;0,4;6
MUPA10;MURRINA PASTILLA # 10;MUPA10;UND;3;3,78;6
MURB06;MURRINA BOLA # 06;MURB06;UND;1;1,26;6
MURB08;MURRINA BOLA # 08;MURB08;UND;1,25;1,56;6
MURB10;MURRINA BOLA # 10;MURB10;UND;1,75;2,19;6
MURB12;MURRINA BOLA # 12;MURB12;UND;2;2,5;6
MURTAM;MURRINA TAMBOR;MURTAM;UND;3;3,78;6
NYLELE;NYLON ELEFANTE;NYLELE;UND;4;5,04;3
PA6B;PIEDRA AGATA 6 BORDES 10x30;PA6B;UND;;0,8;6
PA6B10T;PIEDRA AGATA 6 BORDES 10x30 TI;PA6B10T;UND;7,5;9,38;6
PA6BP;PIEDRA AGATA 6 BORDES PEQUEÑA;PA6BP;UND;7,5;9,38;6
PAB10;PIEDRA MATISTA BOLA # 10;PAB10;UND;7,5;9,38;6
PAB12;PIEDRA MATISTA BOLA # 12;PAB12;UND;8,5;10,63;6
PAB4;PIEDRA MATISTA BOLA # 04;PAB4;UND;4;5;6
PAB6;PIEDRA MATISTA BOLA # 06;PAB6;UND;5,2;6,5;6
PAB8;PIEDRA MATISTA BOLA # 08;PAB8;UND;6,5;8,13;6
PABG;PERLA ARROZ BRILLO GRANDE;PABG;UND;13,5;16,89;6
PADR;PIEDRA AGATA DIJE REDONDA;PADR;UND;;0,45;
PAE10;PIEDRA AGATA ENTORCHADA # 10;PAE10;UND;6,5;8,13;6
PAE12;PIEDRA AGATA ENTORCHADA #12;PAE12;UND;7;8,75;6
PAE14;PIEDRA AGATA ENTORCHADA # 14;PAE14;UND;8;10;6
PAEN;PIEDRA AGATA ENTORCHADA;PAEN;UND;3,35;4,69;6
PAF16;PERLA ARROZ FINA # 16;PAF16;UND;16,5;20,63;6
PAF2;PERLA ARROZ FINA 0.2;PAF2;UND;4,5;5,63;6
PAF4;PERLA ARROZ FINA 0.4;PAF4;UND;3,75;4,69;6
PAF6;PERLA ARROZ FINA 0.6;PAF6;UND;4,43;5,54;6
PAF7;PERLA ARROZ FINA 0.7;PAF7;UND;6,3;7,88;6
PAF8;PERLA ARROZ FINA 0.8;PAF8;UND;12,75;15,94;6
PAF9;PERLA ARROZ FINA 0.9;PAF9;UND;14,85;18,57;6
PAFB8;PIEDRA AGATA FACETEADA BOLA # 08;PAFB8;UND;8;10;6
PAH3/7;PERLA NAT. HUEVO3/7 GD.;PAH3/7;UND;12,75;15,9;6
PAJA;PIEDRA AGATA / JADE ARGOLLA;PAJA;UND;3;3,75;6
PALCIRC;PALILLOS CIRCULARES;PALCIRC;UND;1,3;1,63;6
PALTEJE;PALILLOS PARA TEJER;PALTEJE;UND;0,6;0,75;6
PALTEPL;PALILLOS PARA TEJER PLASTICO;PALTEPL;UND;0,3;0,38;6
PALTEX4;PALILLOS PARA TEJER x 4;PALTEX4;UND;0,75;0,94;6
PAMB;PEPA AMBAR;PAMB;UND;;1,4;
PAMBE;PEPA AMBAR ESPECIAL;PAMBE;UND;;2,16;
PAMBEF;PEPA AMBAR ESPECIAL FDA/GDE;PAMBEF;UND;6,9;8,28;3
PAMBF;PEPA AMBAR FDA/GDE;PAMBF;UND;;5;
PANP;PIEDRA AGATA NATURAL PASTILLA;PANP;UND;0;0,3;
PANPTI;PIEDRA AGATA NAT. PASTILLA TIRA;PANPTI;UND;5,35;6,42;6
PANTIG;PEPA ANTIGUA;PANTIG;UND;;1,17;
PANTIGF;PEPA ANTIGUA FD/GD;PANTIGF;UND;7,8;9,36;3
PAO10;PIEDRA AGATA OVALO 10 x 30;PAO10;UND;7,5;9,38;6
PAO12;PIEDRA AGATA OVALO 12 X 40;PAO12;UND;;0,9;
PAQDIAM;PAQUETE DIAMANTE;PAQDIAM;UND;25;3;6
PAR20;PIEDRA AGATA ROMBO 20 X 32;PAR20;UND;4,5;5,63;6
PAR35;PIEDRA AGATA ROMBO 35 X 35;PAR35;UND;5,5;6,88;6
PAROM;PIEDRA AGATA ROMBO;PAROM;UND;7;8,82;6
PARP;PIEDRA AGATA ROMBO PLANO;PARP;UND;4,9;6,13;6
PART;PIEDRA ARTIFICIAL;PART;UND;;1,54;
PARTF;PIEDRA ARTIFICIAL FD/GD;PARTF;UND;9,8;11,76;3
PATPQ;PIEDRA AGATA TUBO PEQUEÑO;PATPQ;UND;3,5;4,38;6
PBITOR;PEPA BICOLOR TORNASOL;PBITOR;UND;;2,03;
PBITORF;PEPA BICOLOR TORNASOL FDA/GDE;PBITORF;UND;13;15,6;3
PC13X18T;PIEDRA NATURAL CILINDRO 13X18 TIRA;PC13X18T;UND;6,9;8,28;6
PCC;PIEDRA CONCHA CIRUELO;PCC;UND;;0,75;
PCCB06;PEPA CRISTAL COLOR BOLA #6;PCCB06;UND;;1,25;
PCCB06F;PEPA CRISTAL COLOR BOLA #6 FDA/GDE;PCCB06F;UND;8;9,6;3
PCCG;PIEDRA CONCHA CIRUELO GDE;PCCG;UND;1,95;2,44;6
PCNA;PIEDRA CONCHA NACAR;PCNA;UND;0,5;0,63;6
PCNAT;PIEDRA CONCHA NATURAL;PCNAT;UND;0,65;0,78;6
PCOBP;PEPA COBRE PULIDA;PCOBP;UND;;1,43;
PCOBPF;PEPA COBRE PULIDA FDA/GDE;PCOBPF;UND;9,5;11,4;3
PCOL1;PEPA COLOR # 01;PCOL1;UND;;1,55;
PCOL1F;PEPA COLOR # 01 FDA/GDE;PCOL1F;UND;;3,14;
PCOL3;PEPA COLOR # 03;PCOL3;UND;;0,89;
PCOL3ES;PEPA COLOR # 03 ESPECIAL;PCOL3ES;UND;;0,89;
PCOL3ESF;PEPA COLOR # 03 ESPECIAL FDA/GD.;PCOL3ESF;UND;;3,14;
PCOL3F;PEPA COLOR #03 FDA/GDE OFERTA;PCOL3F;UND;;3,14;
PCONP;PIEDRA CONCHA PEQUEÑA;PCONP;UND;;0,5;
PCRISFP;PEPA CRISTAL FDA.PEQ. 50gr.;PCRISFP;UND;;0,45;
PDBBPX12;PULS.DIAMT DE BRASIL BOLA/PLANCHA x 12;PDBBPX12;UND;3,5;4,38;6
PDBTX12;PULSERA DIAMANTE DE BRASIL TUBO x 12;PDBTX12;UND;1,3;1,56;6
PEBTO3;PEPA BICOLOR TORNASOL ROMBO # 3;PEBTO3;UND;;2,94;
PEBTO3F;PEPA BICOLOR TORNASOL ROMBO# 3 FDA/GDE;PEBTO3F;UND;18,8;22,56;3
PECRISK;PEPA CRISTAL KG;PECRISK;UND;5;6,25;3
PEFB04;PEPA FOSFORECENTE BOLA # 04;PEFB04;UND;;0,48;
PEFB06;PEPA FOSFORECENTE BOLA # 06;PEFB06;UND;;0,51;
PEFB08;PEPA FOSFORECENTE BOLA # 08;PEFB08;UND;;0,54;
PEFB10;PEPA FOSFORECENTE BOLA # 10;PEFB10;UND;;0,7;
PEFB12;PEPA FOSFORECENTE BOLA # 12;PEFB12;UND;;1,2;
PEFMA07;PEPA FOSFORECENTE MATIZADA ARROZ 7 X 12;PEFMA07;UND;;0,95;
PEFMA10;PEPA FOSFORECENTE MATIZADA ARROZ 10 X19;PEFMA10;UND;;1,26;
PEFMA11;PEPA FOSFORECENTE MATIZADA ARROZ 11 X 16;PEFMA11;UND;;1,58;
PEGATU;PEGAMENTO EN TUBO;PEGATU;UND;0,4;0,5;6
PEGATUG;PEGAMENTO GRANDE;PEGATUG;UND;2,8;3,36;6
PEGATUP;PEGAMENTO PEQUENO;PEGATUP;UND;1,2;1,5;6
PEGSEN;PEPA GAMUZA SENCILLA;PEGSEN;UND;;1,22;
PEGSENF;PEPA GAMUZA SENCILLA FDA/GDE;PEGSENF;UND;7,8;9,36;3
PEGTELA;PEGAMENTO DE TELA PARA TELA;PEGTELA;UND;1,2;1,5;6
PEGTEPM;PEG./ TELA PARA PIEDRA Y METALES;PEGTEPM;UND;1,8;2,25;6
PEINXPAR;PEINETA x PAR;PEINXPAR;UND;0,25;0,31;6
PELLF;PELLON FINO;PELLF;UND;;1,9;
PELLF1;PELLON FINO 1 mmm;PELLF1;UND;0,75;0,94;6
PELLG2;PELLON GDE. 2 mm;PELLG2;UND;1,25;1,57;6
PELLM1.5;PELLON MED. 1.5mm;PELLM1.5;UND;1;1,25;6
PEMADE;PEPA MADERA;PEMADE;UND;;0,95;
PEMADEF;PEPA MADERA FDA/GDE;PEMADEF;UND;6,9;8,28;3
PEMAPEG;PEPA MADERA PEGABLE;PEMAPEG;UND;;0,37;
PEMAPEGF;PEPA MADERA PEGABLE FDA/GDE;PEMAPEGF;UND;2,9;3,48;3
PEMETA;PEPA METALIZADA;PEMETA;UND;;1,02;
PEMETAF;PEPA METALIZADA FDA/GDE;PEMETAF;UND;6,5;7,8;6
PENIPL;PEPA NIQUEL / PLATA;PENIPL;UND;;1,64;
PENIPLF;PEPA NIQUEL / PLATA FDA/GDE;PENIPLF;UND;10,5;12,6;3
PENPRO;PEPA NIQUEL PLATA PARA ROPA;PENPRO;UND;;1,64;
PENPROF;PEPA NIQUEL PLATA PARA ROPA FDA/GDE;PENPROF;UND;10,5;12,6;3
PEPARM;PEPA PLASTICA ARMABLE;PEPARM;UND;;0,75;
PEPARMF;PEPA PLASTICA ARMABLE FDA/GDE;PEPARMF;UND;;6;
PEPCOL;PEPA CRISTAL COLOR;PEPCOL;UND;;1,14;
PEPCOLF;PEPA CRISTAL COLOR FDA/GDE;PEPCOLF;UND;7;8,4;3
PEPCRIM;PEPA CRISTAL PARA MOÑO;PEPCRIM;UND;;1,82;
PEPGAM;PEPA PLASTICA GAMUZA;PEPGAM;UND;;1,88;
PEPGAMF;PEPA PLASTICA GAMUZA FD/GD;PEPGAMF;UND;12;14,4;3
PEPGRA;PEPA PLASTICA GRAFITI;PEPGRA;UND;;0,85;
PEPGRAE;PEPA PLAST.GRAFITY ESP- FD/PEQ;PEPGRAE;UND;;1,88;
PEPGRAEF;PEPA PLAST.  GRAFITY ESP. FD/GDE;PEPGRAEF;UND;12;14,4;3
PEPGRAF;PEPA PLASTICA GRAFITI FDA/GD;PEPGRAF;UND;;6;
PEPM;PEPA PLASTICA MATE;PEPM;UND;;1,63;
PEPMF;PEPA PLASTICA MATE FDA/GDE;PEPMF;UND;5;6;3
PEPN;PEPA PLASTICA NACAR;PEPN;UND;;1,61;
PEPNF;PEPA PLASTICA NACAR FDA/GDE;PEPNF;UND;9,9;11,88;3
PEPR3;PEPA PLASTICA ROMBO# 3;PEPR3;UND;;1,54;
PEPR3F;PEPA PLASTICA ROMBO # 3 FD/GDE;PEPR3F;UND;9,5;11,4;3
PERL10;PERLA FINA # 9 - # 10 - # 11;PERL10;UND;11,25;13,5;6
PERL5;PERLA 5/6;PERL5;UND;1,9;2,38;6
PERL9;PERLA # 9;PERL9;UND;2,9;3,63;6
PERP4;PERLA PLASTICA # 4;PERP4;UND;0,3;0,38;6
PERP5;PERLA PLASTICA # 5;PERP5;UND;0,3;0,38;6
PF12X100;PEPA METALIZDA OVALO FINO 7X12 X100;PF12X100;UND;17;20,4;3
PF15X100;PEPA METALIZADA OVALO FINO 8X15 X100;PF15X100;UND;19;22,8;3
PFA5X7;PEPA FOSFORECENTE ARROZ 5X7;PFA5X7;UND;;0,52;
PFA8X11;PEPA FOSFORECENTE ARROZ 8 X 11;PFA8X11;UND;;0,54;
PFC4X6;PEPA FOSFORECENTE CUADRADO 4X6;PFC4X6;UND;;0,7;
PFC4X8;PEPA FOSFORECENTE CUADRADO 4 X 8;PFC4X8;UND;;0,73;
PFC6X8;PEPA FOSFORECENTE CUADRADO 6 X 8;PFC6X8;UND;;0,76;
PFMB04;PEPA FOSFORECENTE MATIZADA BOLA # 04;PFMB04;UND;;0,6;
PFMB06;PEPA FOSFORECENTE MATIZADA BOLA # 6;PFMB06;UND;;0,63;
PFMB08;PEPA FOSFORECENTE MATIZADA BOLA # 08;PFMB08;UND;;0,7;
PFMB10;PEPA FOSFORECENTE MATIZADA BOLA # 10;PFMB10;UND;;0,95;
PFMB12;PEPA FOSFORECENTE MATIZADA BOLA # 12;PFMB12;UND;;1,26;
PFP10;PERLA FINA PASTILLA # 10;PFP10;UND;13,5;16,88;6
PFT6X15;PEPA FOSFORECENTE TUBO 6 X 15;PFT6X15;UND;;0,6;
PHTRASN;PEPA HIELO TRANSPARENTE;PHTRASN;UND;;1,43;
PHTRASNF;PEPA HIELO TRANSPARENTE FD/GD;PHTRASNF;UND;9,5;11,4;3
PIACO;PIEDRA MATISTA CORAZON;PIACO;UND;10;12,5;6
PIB04;PIEDRA BOLA # 4;PIB04;UND;1,9;2,37;6
PIB06;PIEDRA BOLA # 6;PIB06;UND;2,5;3;6
PIB08;PIEDRA BOLA # 8;PIB08;UND;2,9;3,48;6
PIB10;PIEDRA BOLA # 10;PIB10;UND;3,4;4,08;6
PIB12;PIEDRA BOLA # 12;PIB12;UND;3,8;4,56;6
PICG;PIEDRA CONCHA GRANDE;PICG;UND;0,65;0,82;6
PIDOTT;PIEDRA OJO DE TIGRE TUBO;PIDOTT;UND;5,5;6,88;6
PIEA;PIEDRA MATISTA;PIEA;UND;5,5;6,88;6
PIEN10;PIEDRA NATURAL # 10;PIEN10;UND;6,5;8,13;6
PIEN12;PIEDRA NATURAL # 12;PIEN12;UND;7;8,75;6
PIEN14;PIEDRA NATURAL # 14;PIEN14;UND;7,5;9,38;6
PIENDI;PIEDRA NATURAL DIJE;PIENDI;UND;;0,68;
PIENDP;PIEDRA NATURAL DIJE PASTILLA;PIENDP;UND;4,95;6,19;6
PIENRG;PIEDRA NATURAL RECTANGULO GRANDE;PIENRG;UND;;0,59;
PIENRM;PIEDRA NATURAL RECTANGULO MEDIANA;PIENRM;UND;;0,62;
PIENVM;PIEDRA NATURAL VARIOS MODELOS;PIENVM;UND;0,5;0,63;6
PIEOGA;PIEDRA OJO DE GATO ATACHE;PIEOGA;UND;;0,08;
PIEOGE;PIEDRA OJO DE GATO ENTORCHADO;PIEOGE;UND;3,9;4,88;6
PIEOGP;PIEDRA OJO DE GATO PASTILLA;PIEOGP;UND;2,5;3,13;6
PIEVMO;PIEDRA VARIOS MODELOS ONIX;PIEVMO;UND;5;6,25;6
PIGA;TIRA PIEDRA GRANDE AMATISTA;PIGA;UND;3,5;4,38;6
PIGT;PIEDRA GRANDE TRANSPARENTE;PIGT;UND;5;6,25;6
PIN08;PIEDRA NATURAL # 08;PIN08;UND;5;6,25;6
PINB04;PIEDRA NATURAL BOLA # 4;PINB04;UND;3,5;4,38;6
PINB06;PIEDRA NATURAL BOLA # 06;PINB06;UND;5;6,25;6
PINB08;PIEDRA NATURAL BOLA # 08;PINB08;UND;5,5;6,88;6
PINB10;PIEDRA NATURAL BOLA # 10;PINB10;UND;6;7,5;6
PINB12;PIEDRA NATURAL BOLA # 12;PINB12;UND;6,5;8,13;6
PINB14;PIEDRA NATURAL BOLA /14;PINB14;UND;;0,32;
PINBTA;PIEDRA NATURAL BENTURINA TAMBOR 11x14;PINBTA;UND;3,9;4,88;6
PINC11;PIEDRA NATURAL CILINDRO 11 X 14;PINC11;UND;3,9;4,88;6
PINC13;PIEDRA NATURAL CILINDRO 13 X 18;PINC13;UND;0;0,38;
PINDITIR;PIEDRA NATURAL DIJE TIRA;PINDITIR;UND;5,3;6,36;6
PINFPP;PINZA FINA PUNTA PLANA;PINFPP;UND;1,25;1,5;6
PINFPR;PINZA FINA PUNTA REDONDA;PINFPR;UND;1,25;1,57;6
PINMUL;PINZA MULTIUSO;PINMUL;UND;2,5;3;6
PINPPL;PINZA PUNTA PLANA;PINPPL;UND;1,4;1,75;6
PINPR;PINZA PUNTA REDONDA;PINPR;UND;1,68;2,1;6
PINT11;PIEDRA NATURAL TAMBOR 11 X 14;PINT11;UND;3,9;4,88;6
PINT13;PIEDRA NATURAL TAMBOR 13 X 18;PINT13;UND;;0,39;
PINZAE;PINZA PARA ELASTICO;PINZAE;UND;0,25;0,31;6
PINZALI;PINZA ALICATE;PINZALI;UND;1,25;1,57;6
PINZBFI;PINZA DE BISUTERIA FINA;PINZBFI;UND;0,6;0,76;6
PIOGDR;PIEDRA OJO DE GATO DIJE RECT.;PIOGDR;UND;;0,3;
PIOTRG;PIED.OJO DE TIGRE RECT. GRANDE;PIOTRG;UND;;1,29;
PIOTRM;PIED.OJO DE TIGRE RECT. MED.;PIOTRM;UND;;1;
PIOTTP;PIEDRA OJO DE TIGRE TUBO PEQ.;PIOTTP;UND;4,5;5,63;6
PIVB10;PIEDRA VITRO FUSION BOLA # 10;PIVB10;UND;4,5;5,63;6
PIVB12;PIEDRA VITRO FUSION BOLA # 12;PIVB12;UND;4,5;5,63;6
PIVG12;PIEDRA VITRO FUSION GOTA 12x20;PIVG12;UND;;0,23;
PIVT10;PIEDRA VITRO FUSION TUBO 10x10;PIVT10;UND;4,5;5,63;6
PJ12X100;PEPA JIAN TAI # 12X100;PJ12X100;UND;12;14,4;3
PJ14X100;PEPA JIAN TAI # 14X100;PJ14X100;UND;16;19,2;3
PJ5BX100;PEPA JIAN TAI 5 BORDESX100;PJ5BX100;UND;19;22,8;3
PJAG;PERLA JAPONESA ARRUGADA GOTA;PJAG;UND;1,7;1,79;6
PJAP10;PERLA JAPONESA # 10;PJAP10;UND;1,1;1,38;6
PJAP12;PERLA JAPONESA # 12;PJAP12;UND;1,25;1,57;6
PJAP14;PERLA JAPONESA # 14;PJAP14;UND;2;2,5;6
PJAP16;PERLA JAPONESA # 16;PJAP16;UND;3,42;4,11;6
PJAP4;PERLA JAPONESA 0.4;PJAP4;UND;0,5;0,63;6
PJAP6;PERLA JAPONESA 0.6;PJAP6;UND;0,6;0,75;6
PJAP8;PERLA JAPONESA 0.8;PJAP8;UND;0,75;0,94;6
PJAPC;PERLA JAPONESA CASCAJO;PJAPC;UND;;0,6;
PJARX100;PEPA JIAN TAI ARGOLLAX100;PJARX100;UND;14;16,8;3
PJGFX100;PEPA JIANG TAI GOTA FIX100;PJGFX100;UND;32;38,4;3
PJGGX100;PEPA JIAN TAI GOTA GR.X100;PJGGX100;UND;16;19,2;3
PJGMX100;PEPA JIAN TAI GOTA MED.X100;PJGMX100;UND;12;14,4;3
PJIN12;PEPA JIAN TAI # 12;PJIN12;UND;;0,15;
PJIN14;PEPA JIAN TAI # 14;PJIN14;UND;;0,2;
PJIN5B;PEPA JIAN TAI 5 BORDES;PJIN5B;UND;;0,24;
PJINAR;PEPA JIAN TAI ARGOLLA;PJINAR;UND;;0,18;
PJINDG;PEPA JIAN TAI DIJE GRANDE;PJINDG;UND;1,5;1,89;6
PJINDIJ;PEPA JIAN TAI DIJE;PJINDIJ;UND;0,4;0,5;6
PJINGFI;PEPA JIANG TAI GOTA FINA;PJINGFI;UND;;0,4;
PJINGG;PEPA JIAN TAI GOTA GRANDE;PJINGG;UND;;0,2;
PJINGM;PEPA JIAN TAI GOTA MEDIANA;PJINGM;UND;;0,15;
PJINHG;PEPA JING TAI HUECO GRANDE;PJINHG;UND;;0,28;
PJINO2;PEPA JING TAI OVALO/20;PJINO2;UND;;0,31;
PJINOFI;PEPA JING TAI OVALO FINO;PJINOFI;UND;;0,32;
PJINPA;PEPA JIAN TAI PASTILLA;PJINPA;UND;;0,16;
PJINPE;PEPA JIAN TAI PESCADO;PJINPE;UND;;0,31;
PJINPP;PEPA JIAN TAI PASTILLA PEQUENO;PJINPP;UND;;0,44;
PJINR;PEPA JIANG TAI ROMBO;PJINR;UND;0,14;0,18;6
PJINTF;PEPA JIANG TAI TUBO FINO;PJINTF;UND;;0,06;
PJINTO;PEPA JIANG TAI TUBO OVALO 12X20;PJINTO;UND;;0,49;
PJINTU;PEPA JIANG TAI TUBO;PJINTU;UND;;0,17;
PJIO12;PEPA JIANG TAI OVALO # 12;PJIO12;UND;;0,25;
PJIO14;PEPA JIANG TAI OVALO # 14;PJIO14;UND;;0,31;
PJIP18;PEPA JIAN TAI #18 PULIDA;PJIP18;UND;0,85;1,06;6
PJIPX100;PEPA JIAN TAI PESCADOX100;PJIPX100;UND;25;30;3
PJM;PERLA JAPONESA MEDIANA;PJM;UND;;0,89;
PJM10;PERLA JAPONESA MATE # 10;PJM10;UND;;0,85;
PJM12;PERLA JAPONESA MATE # 12;PJM12;UND;;1;
PJM14;PERLA JAPONESA MATE # 14;PJM14;UND;;1,5;
PJM16;PERLA JAPONESA MATE # 16;PJM16;UND;;2;
PJM6;PERLA JAPONESA MATE # 0.6;PJM6;UND;;0,5;
PJM8;PERLA JAPONESA MATE # 0.8;PJM8;UND;;0,67;
PJOFX100;PEPA JING TAI OVALO FINOX100;PJOFX100;UND;25;30;3
PJPAX100;PEPA JIAN TAI PASTILLAX100;PJPAX100;100;13;15,6;3
PJPPX100;PEPA JIAN TAI PASTILLA PEQ.X100;PJPPX100;UND;35;42;3
PJTFX100;PEPA JIANG TAI TUBO FINOX100;PJTFX100;UND;5;6;3
PJTOX100;P. JIANG TAI T. OVALO 12X20 X100;PJTOX100;UND;39;46,8;3
PJTUX100;PEPA JIANG TAI TUBOX100;PJTUX100;UND;12,5;15;3
PMB08;PIEDRA MALAKITA BOLA #08;PMB08;UND;5;6,25;6
PMB10;PIEDRA MALAKITA BOLA # 10;PMB10;UND;6,5;8,13;6
PMB12;PIEDRA MALAKITA BOLA # 12;PMB12;UND;8;10;6
PMB14;PIEDRA MALAKITA BOLA # 14;PMB14;UND;9,5;11,88;6
PMC;PEPA MADERA COLOR;PMC;UND;;1,08;
PMCF;PEPA MADERA COLOR FDA/GDE;PMCF;UND;8,5;10,2;3
PME;PEPA MATE ESPECIAL;PME;UND;;1,88;
PMEB04;PEPA METALIZADA ESPECIAL BOLA # 04;PMEB04;UND;1,25;1,58;6
PMEB06;PEPA METALIZADA ESPECIAL BOLA # 06;PMEB06;UND;1,3;1,64;6
PMEB08;PEPA METALIZADA ESPECIAL BOLA # 08;PMEB08;UND;1,35;1,7;6
PMEB10;PEPA METALIZADA ESPECIAL BOLA # 10;PMEB10;UND;1,9;2,39;6
PMEB12;PEPA METALIZADA ESPECIAL BOLA # 12;PMEB12;UND;2,5;3,15;6
PMEC06;PEPA METALIZADA ESPECIAL CUADRADO 6X10;PMEC06;UND;2,1;2,65;6
PMEC10;PEPA METALIZADA ESPECIAL CUADRADO 10X 12;PMEC10;UND;2,2;2,77;6
PMEF;PEPA MATE ESPECIAL FDA/GDE;PMEF;UND;6;7,2;3
PMET;PEPA METALICA;PMET;UND;;1,33;
PMET04;PEPA METALIZADA ESPECIAL TUBO 4 X 6;PMET04;UND;1,3;1,64;6
PMET06;PEPA METALIZADA ESPECIAL TUBO 6X15;PMET06;UND;1,35;1,7;6
PMETF;PEPA METALICA FDA/GDE;PMETF;UND;8,5;10,2;3
PMPL;PULSERA MADERA CON PLACA LARGA;PMPL;UND;0,78;0,98;6
PN6B10;PIEDRA NATURAL 6 BORDES 10 X 30;PN6B10;UND;;1,15;6
PN6B10TI;PIEDRA NAT.6BORDES 10X30TIRA;PN6B10TI;UND;13;15,6;6
PNACO;PERLA NATURAL COLOR;PNACO;UND;1,2;1,51;6
PNB14TIR;PIEDRA NATURAL BOLA # 14TIRA;PNB14TIR;UND;7;8,4;6
PNB2HG;PIEDRA NATURAL BENTURINA 2 HUECOS GD.;PNB2HG;UND;;0,37;6
PNB2HGT;PIEDRA NAT.BENTURINA 2H.GRAND T;PNB2HGT;UND;6,75;8,1;6
PNB2HP;PIEDRA NATURAL BENTURINA 2 HUECOS PQ.;PNB2HP;UND;6,5;8,13;6
PNBB08;PIEDRA NATURAL BENTURINA BOLA #8;PNBB08;UND;3,5;4,38;6
PNBB10;PIEDRA NATURAL BENTURINA BOLA#10;PNBB10;UND;4;5;6
PNBB12;PIEDRA NATURAL BENTURINA BOLA# 12;PNBB12;UND;4,8;6;6
PNBC6;PIEDRA NATURAL BOLA CORTADA # 06;PNBC6;UND;5;6,25;6
PNC11C;PIEDRA NATURAL CILINDRO 11 X 14 C/BRILLO;PNC11C;UND;7;8,75;6
PNG07;PIEDRA NATURAL GOTA 7 X 9;PNG07;UND;3;3,78;6
PNG09;PIEDRA NATURAL GOTA 9 X 12;PNG09;UND;3,8;4,75;6
PNG10;PIEDRA NATURAL GOTA 10 X 14;PNG10;UND;3,9;4,88;6
PNG13;PIEDRA NATURAL GOTA 13 X 18;PNG13;UND;;0,29;
PNG13TI;PIEDRA NATURAL GOTA 13X18 TIRA;PNG13TI;UND;4,95;5,94;6
PNO12;PIEDRA NATURAL OVALO 12x40;PNO12;UND;;1,07;
PNREC;PIEDRA NATURAL RECTANGULO;PNREC;UND;4,3;5,38;6
PNRGTIR;PIEDRA NAT.RECTANGULO GRANDE TI;PNRGTIR;UND;7,5;9;6
PNT13TI;PIED. NAT. TAMBOR 13X18 TI;PNT13TI;UND;6,9;8,28;6
PNVMT;PIED. NAT.V/M. TIRA;PNVMT;UND;5;6;6
PO10X100;PEPA METALIZADA OVALO FINO 6X10 X100;PO10X100;UND;14;16,8;3
PO12X100;PEPA JIANG TAI OVALO # 12X100;PO12X100;UND;;12;
PO14X100;PEPA JIANG TAI OVALO # 14X100;PO14X100;UND;;16;
PO20X100;PEPA JING TAI OVALO/20X100;PO20X100;UND;;25;
PO8X100;PEPA METALIZADA OVALO FINO 6X8 X100;PO8X100;UND;11;13,2;3
POF08;PEPA METALIZADA OVALO FINO 6X8;POF08;UND;;0,14;
POF10;PEPA METALIZADA OVALO FINO 6X10;POF10;UND;;0,18;
POF12;PEPA METALIZADA OVALO FINO 7X12;POF12;UND;;0,22;
POF15;PEPA METALIZADA OVALO FINO 8 x15;POF15;UND;;0,23;
POG14TI;PIED. O/GATO BOLA #14 TIR;POG14TI;UND;4,5;5,4;6
POGAX100;PIEDRA OJO DE GATO ATACHE;POGAX100;UND;6;7,2;6
POGB06;PIEDRA OJO DE GATO BOLA # 6;POGB06;UND;1,2;1,51;6
POGB08;PIEDRA OJO DE GATO BOLA # 8;POGB08;UND;1,6;2,02;6
POGB10;PIEDRA OJO DE GATO BOLA # 10;POGB10;UND;2,5;3,15;6
POGB12;PIEDRA OJO DE GATO BOLA # 12;POGB12;UND;3,25;4,06;6
POGB14;PIEDRA OJO DE GATO BOLA # 14;POGB14;UND;0,22;0,28;6
POGCUA;PIEDRA OJO DE GATO CUADRADO;POGCUA;UND;2,5;3,13;6
POGD04;PIEDRA OJO DE GATO DIAMANTE # 04;POGD04;UND;2,5;3,15;6
POGD06;PIEDRA OJO DE GATO DIAMANTE # 06;POGD06;UND;2,75;3,44;6
POGD08;PIEDRA OJO DE GATO DIAMANTE # 08;POGD08;UND;3;3,78;6
POGD10;PIEDRA OJO DE GATO DIAMANTE # 10;POGD10;UND;3,6;4,5;6
POGD12;PIEDRA OJO DE GATO DIAMANTE # 12;POGD12;UND;4,25;5,31;6
POGDRP;PIEDRA OJO DE GATO DIJE RECTANG./PQ;POGDRP;UND;2,75;3,44;6
POGDRT;PIED. O/ GATO DIJE RECT. TIRA;POGDRT;UND;3,9;4,88;6
POGK;PEPA OJO GATO KG/;POGK;UND;;0,45;
POGKF;PEPA OJO DE GATO / KG fda/gde;POGKF;UND;;3,94;
PORCE;PORCELANATO;PORCE;UND;;3;
POTB04;PIEDRA OJO DE TIGRE BOLA #4;POTB04;UND;4;5;6
POTB06;PIEDRA OJO DE TIGRE BOLA # 06;POTB06;UND;4,5;5,62;6
POTB08;PIEDRA OJO DE TIGRE BOLA # 08;POTB08;UND;5,5;6,88;6
POTB10;PIEDRA OJO DE TIGRE BOLA # 10;POTB10;UND;7,5;9,38;6
POTB12;PIEDRA OJO DE TIGRE BOLA # 12;POTB12;UND;9,5;11,88;6
POTB14;PIEDRA OJO DE TIGRE BOLA # 14;POTB14;UND;10;12,5;6
POTC06;PIEDRA OJO DE TIGRE CUADRADO # 06;POTC06;UND;5,5;6,88;6
POTC10;PIEDRA OJO DE TIGRE CUBO 10 x 10 x 10;POTC10;UND;7;8,75;6
POTC12;PIEDRA OJO DE TIGRE CORAZON #12;POTC12;UND;8,5;10,63;6
POTO10;PIEDRA OJO DE TIGRE OVALO 10 X 30;POTO10;UND;9,5;11,88;6
POTO12;PIEDRA OJO DE TIGRE OVALO 12 x 40;POTO12;UND;;1,25;
POTR10;PIEDRA OJO DE TIGRE ROMBO 10 x 10;POTR10;UND;6,5;8,13;6
POTR14;PIEDRA OJO DE TIGRE ROMBO 14 x 14;POTR14;UND;8,5;10,63;6
POTR19;PIEDRA OJO DE TIGRE ROMBO 19 x 29;POTR19;UND;11,5;14,38;6
POTR25;PIEDRA OJO DE TIGRE ROMBO 25 x 35;POTR25;UND;13,5;16,88;6
POTRGT;PIED.O/TIGRE RECT.GR TIR;POTRGT;UND;13,5;16,2;6
POTRMT;PIED.O/TIGRE RECT.MD TIR;POTRMT;UND;9;10,8;6
PPC;PULSERA PEQUEÑA DE COCO;PPC;UND;0,7;0,84;6
PPC/B;PEPA PLASTICA COBRE/BRONCE;PPC/B;UND;;1;
PPCBF;PEPA PLASTICA COBRE/BRONCE FDA/GDE.;PPCBF;UND;;3,14;
PP/D;PEPA PLATEADA / DORADA;PP/D;UND;;0,89;
PP/DOF;P. PLATEADA - DORADA OFERTA FDA. GR;PP/DOF;UND;;3,14;
PPF;PERLA PLASTICA FUNDA;PPF;UND;;2,16;
PPFG;PERLA PLASTICA FUNDA FD/GR.;PPFG;UND;6,9;8,28;3
PPGRA;PEPA PLASTICA GRANITO;PPGRA;UND;;0,85;
PPGRAF;PEPA PLASTICA GRANITO FDA/GD;PPGRAF;UND;;3,14;
PPH;PEPA PLASTICA HIELO;PPH;UND;;1,17;
PPHF;PEPA PLASTICA HIELO FDA/GDE;PPHF;UND;7,5;9;3
PPHG;PINZ.  PARA HUECO GRANDE;PPHG;UND;4,5;5,63;6
PPHH;PINZA PARA HACER HUECOS;PPHH;UND;3,5;4,2;6
PPLASD;PEPA PLASTICA DIJE;PPLASD;UND;;0,85;
PPLASDOF;PEPA PLASTICA DIJE OFERTA FDA. GRANDE;PPLASDOF;UND;;3,14;
PPM;PULSERA PEPA MADERA;PPM;UND;0,42;0,44;6
PPP;PEPA PLASTICA PORCELANA;PPP;UND;;1,17;
PPPDF;PEPA PLATEADA / DORADA FDA/GDE;PPPDF;UND;;3,14;
PPPF;PEPA PLASTICA PORCELANA FDA/GDE;PPPF;UND;7,5;9;3
PPS10;PERLA PLASTICA SARTA # 10;PPS10;UND;1,25;1,57;6
PPS12;PERLA PLASTICA SARTA # 12;PPS12;UND;1,4;1,75;6
PPS14;PERLA PLASTICA SARTA # 14;PPS14;UND;1,75;2,19;6
PPS16;PERLA PLASTICA SARTA# 16;PPS16;UND;2,95;3,69;6
PPS20;PERLA PLASTICA SARTA # 20;PPS20;UND;3,25;4,07;6
PPS6;PERLA PLASTICA SARTA # 6;PPS6;UND;0,75;0,94;6
PPS8;PERLA PLASTICA SARTA #  8;PPS8;UND;0,9;1,13;6
PPTPLAS;PALILLOS PARA TEJER PLAS.;PPTPLAS;UND;0,3;0,36;6
PRGT;PULSERA DE RECORTE GRANDE TAGUA;PRGT;UND;;1,79;
PRMT;PULSERA DE RECORTE MED. TAGUA;PRMT;UND;;0,68;
PULC;PULSERAS DE COCO;PULC;UND;;0,75;
PULCN;PULSERA CONCHA NATURAL;PULCN;UND;1,25;1,5;6
PULCNOF;PULSERA CONCHA NATURAL OFERTA;PULCNOF;UND;;0,45;
PULGTA;PULSERA GOTA TAGUA;PULGTA;UND;1,2;1,5;6
PULSAG;PULSERA AGATA;PULSAG;UND;3,9;4,88;6
PULSDIA;PULSERA CON DIAMANTE;PULSDIA;UND;;5,8;
PVB10N;PIEDRA VITRO-FUSION BOLA # 10 NUEVA;PVB10N;UND;4,9;5,88;6
PVHAN;PERLA VELA HORIZONTAL ANCHA;PVHAN;UND;14;17,5;6
PVNAT;PERLA VELA NATURAL;PVNAT;UND;9,8;12,25;6
PVREC;PERLA VELA RECTANGULO;PVREC;UND;14;17,5;6
R56891;REVISTA ( 5 - 6 - 8-9-10;R56891;UND;1,75;2,19;6
RALJG;ROLLO ALAMBRE DE JOYERIA/GDE;RALJG;UND;1,5;1,89;6
RALJP;ROLLO ALAMBRE JOYERIA PEQ/;RALJP;UND;0,5;0,6;6
RAND10;RANDELAS - BOLA # 10;RAND10;UND;5,75;7,19;6
RAND12;RANDELAS # 12;RAND12;UND;6,05;7,57;6
RAND14;RANDELA # 14;RAND14;UND;8,25;10,31;6
RBBO08;RANDELAS - BOLA # 8;RBBO08;UND;5,25;6,56;6
RC/B;RESORTES COBRE / BRONCE;RC/B;UND;;0,53;
RC/BF;RESORTES COBRE / BRONCE FDA/GDE;RC/BF;UND;4;4,8;3
REATXR;REATA x ROLLO;REATXR;UND;9,6;12;6
REB2X2;RETENEDOR BOLA 2 x 2;REB2X2;UND;;2,31;
REB2X2F;RETENEDOR BOLA 2 x 2 FDA/GDE;REB2X2F;UND;18,5;22,2;3
RECTAG;RECORTE TAGUA;RECTAG;UND;0,08;0,1;6
RELHOM;RELOJ PARA HOMBRE;RELHOM;UND;;4;
RESNIQ;RESORTES NIQUEL;RESNIQ;UND;;0,75;
RESNIQF;RESORTES FDA/GDE;RESNIQF;UND;6;7,2;3
REVI07;REVISTA #7;REVI07;UND;2,1;2,63;6
REVI11;REVISTA # 11;REVI11;UND;2;2,4;6
REVI23;REVISTA DE BISUTERIA 2-3-4;REVI23;UND;1,5;1,88;6
RHP/DP;ROLLO HILO PLATEADO/DORADO PEQ/;RHP/DP;UND;0,5;0,6;6
RH/TEJ;ROLLO HILO PARA TEJER;RH/TEJ;UND;5,5;6,93;3
RMETMU;RELOJ METALICO PARA MUJER;RMETMU;UND;;4;
RN/ELAS;ROLLO NAYLON ELASTICO;RN/ELAS;UND;9,5;11,4;6
ROALGU;ROLLO DE ALAMBRE / GUAYA;ROALGU;UND;1,5;1,88;6
ROLLCS;ROLLO CORDON DE SEDA;ROLLCS;UND;5,5;5,5;6
ROSARIO;ROSARIO;ROSARIO;UND;;2,68;
RPUYCO;RELOJ PARA PULSERA Y COLLAR;RPUYCO;UND;2,9;3,63;6
RRBO04;RANDELAS - ROMBO - BOLA # 04;RRBO04;UND;3,25;4,06;6
RRBO06;RANDELAS - ROMBO- BOLA # 6;RRBO06;UND;4,75;5,94;6
RTU1X1;RETENEDOR TUBO 1.5 x 1.5;RTU1X1;UND;;0,59;
RTU1X1F;RETENEDOR TUBO 1.5 x 1.5  FDA/GDE;RTU1X1F;UND;4,5;5,4;3
RTU2X1;RETENEDOR TUBO 2 x 1;RTU2X1;UND;;0,76;
RTU2X1F;RETENEDOR TUBO 2 x 1 FDA/GDE;RTU2X1F;UND;6;7,2;3
S10HCB;SEPARADOR 10 HUECOS COBRE/B;S10HCB;UND;;0,99;
S10HCBF;SEPARADOR 10 HUECOS COBRE/B. FDA/GDE.;S10HCBF;UND;7,9;9,48;3
SARTCM;SOBRE PARA COLLAR MEDIANO;SARTCM;UND;4,5;5,63;6
SARTL;SOBRE PARA COLLAR LARGO;SARTL;UND;2,8;3,36;6
SARTM;SOBRE PARA ARETE MEDIANO;SARTM;UND;1,95;2,44;6
SARTP;SOBRE PARA ARETE PEQUEÑO;SARTP;UND;1,4;1,75;6
SB10HD;SEPARADOR BOLA # 10 CON DIAMANTE;SB10HD;UND;0,9;1,13;6
SB14HG;SEPARADOR  BOLA # 14 HUECO GRANDE;SB14HG;UND;0,4;0,5;6
SBV10;SEPARADOR BOLA VACIA # 10;SBV10;UND;;1,69;
SBV10F;SEPARADOR BOLA VACIA # 10 FDA/GDE;SBV10F;UND;13,5;16,2;3
SBV12;SEPARADOR BOLA VACIA # 12;SBV12;UND;;2,16;
SBV12F;SEPARADOR BOLA VACIA # 12 FDA/GDE;SBV12F;UND;18;21,6;3
SBV6;SEPARADOR BOLA VACIA # 06;SBV6;UND;;1,13;
SBV6F;SEPARADOR BOLA VACIA # 06 FDA/ GDE;SBV6F;UND;9;10,8;3
SBV8;SEPARADOR BOLA VACIA # 08;SBV8;UND;;1,31;
SBV8F;SEPARADOR BOLA VACIA # 08 FDA/GDE;SBV8F;UND;10,5;12,6;3
SCAMM;SEPARADOR CAMPANA MEDIANA;SCAMM;UND;;0,75;
SCAMMF;SEPARADOR CAMPANA MEDIANA FDA/GDE;SCAMMF;UND;6;7,2;3
SD06X100;SEPARADOR DIAMANTE # 6;SD06X100;UND;7,8;9,36;3
SD08X100;SEPARADOR DIAMANTE # 8;SD08X100;UND;9,5;11,4;3
SD10X100;SEPARADOR DIAMANTE # 10;SD10X100;UND;12,8;15,36;3
SDB18N;SEPARADOR DIAMANTE BOLA # 18 NUEVA;SDB18N;UND;3;3,75;6
SDB4X9;SEPARADOR DIAMANTE BOLA 4 X 9;SDB4X9;UND;0,8;1;6
SDC2X1;SEPARADOR DIAMANTE CUBO 2X2X1;SDC2X1;UND;0,75;0,94;6
SDC2X2;SEPARADOR DIAMANTE CUBO 2X2;SDC2X2;UND;0,85;1,07;6
SDC3X3;SEPARADOR DIAMANTE CUBO 3X3;SDC3X3;UND;1,85;2,31;6
SDC7X1;SEPARADOR DIAMANTE CILINDRO 7 X 10;SDC7X1;UND;1,5;1,88;6
SDEM08;SEPARADOR CON DIAMANTE EN MEDIO # 8;SDEM08;UND;0,27;0,34;6
SDEM10;SEPARADOR CON DIAMANTE EN MEDIO # 10;SDEM10;UND;0,3;0,38;6
SDEM12;SEPARADOR CON DIAMANTE EN MEDIO # 12;SDEM12;UND;0,35;0,45;6
SDIJEGX100;SUJETADOR DE DIJE GRANDE X100;SDHGX100;UND;15;18;3
SDHGX100;SUJETADOR DE DIJE HOJA GRANDE;SDHGX100;UND;9;10,8;3
SDIHGR;SUJETADOR DE DIJE HOJA GRANDE;SDIHGR;UND;;0,11;
SDIJEG;SUJETADOR DE DIJE GRANDE;SDIJEG;UND;;0,19;
SDIJPE;SUJETADOR DE DIJE PEGABLE;SDIJPE;UND;0,09;0,12;6
SDIYCA;SUJETADOR DE DIJE  Y CADENA;SDIYCA;UND;0,75;0,94;6
SDPX12;SUJETADOR DE DIJE PEGABLE/DOC;SDPX12;UND;;0,17;
SDR2X23;SEPARADOR DIAMANTE RECT. 2X2X3;SDR2X23;UND;2,5;3,13;6
SDSEN;SUJETADOR DE DIJE SENCILLO;SDSEN;UND;;0,56;
SDSENF;SUJETADOR DIJE SENCILLO FDA/GDE;SDSENF;UND;4,5;5,4;3
SDT14;SEPARADR DIAMANTE TUBO # 14;SDT14;UND;2,5;3,13;6
SDT4X1;SEPARADOR DIAMANTE TUBO 4X10;SDT4X1;UND;1;1,25;6
SDT5X1;SEPARADOR DIAMANTE TUBO 5X10;SDT5X1;UND;1,35;1,69;6
SDT6X1;SEPARADOR DIAMANTE TUBO 6X10;SDT6X1;UND;1,75;2,19;6
SDT6X8;SEPARADOR DIAMANTE TUBO 6X8;SDT6X8;UND;1,5;1,88;6
SE10HF;SEPARADOR 10 HUECOS FINO;SE10HF;UND;;0,88;
SE10HFF;SEPARADOR 10 HUECOS FINO FDA/GDE;SE10HFF;UND;7;8,4;3
SE10HG;SEPARADOR 10 HUECOS GRUESO;SE10HG;UND;;0,99;
SE10HGF;SEPARADOR 10 HUECOS GRUESO FDA/GDE;SE10HGF;UND;7,9;9,48;3
SE2HCD;SEPARADOR 2 HUECOS CON DIAMANTE;SE2HCD;UND;0,35;0,44;6
SECI10;SEPARADOR CILINDRO 10 X 15;SECI10;UND;0,5;0,63;6
SED3HF;SEPARADOR DIAMANTE 3 HUECOS FINO;SED3HF;UND;0,35;0,44;6
SEDB06;SEPARADOR DIAMANTE BOLA # 6;SEDB06;UND;0,4;0,5;6
SEDB08;SEPARADOR DIAMANTE BOLA # 8;SEDB08;UND;0,45;0,57;6
SEDB10;SEPARADOR DIAMANTE BOLA #10;SEDB10;UND;0,55;0,69;6
SEDB12;SEPARADOR DIAMANTE BOLA # 12;SEDB12;UND;0,65;0,82;6
SEDB14;SEPARADOR DIAMANTE BOLA # 14;SEDB14;UND;0,9;1,13;6
SEDB16;SEPARADOR DIAMANTE BOLA # 16;SEDB16;UND;1,1;1,38;6
SEDB1618;SEPARADOR DIAMANTE BOLA # 16-18;SEDB1618;UND;1,2;1,5;6
SEDOGR;SEPARADOR DIAMANTE OVALO GDE.;SEDOGR;UND;0,6;0,75;6
SEDT05;SEPARADOR DIAMANTE TUBO # 05;SEDT05;UND;1,25;1,57;6
SEDTC1;SEP.DMANTE TUBO-CILINDRO 2X10;SEDTC1;UND;0,75;0,94;6
SEDTC3;SEP. DIAMANTE TUBO-CILINDRO 3X10;SEDTC3;UND;0,85;1,07;6
S/ELAS;SUJETADOR DE ELASTICO;S/ELAS;UND;;0,47;
S/ELASF;SUJETADOR DE ELASTICO FDA/GDE;S/ELASF;UND;3,75;4,5;3
SEP5H;SEPARADOR DIAMANTE 5 HUECOS;SEP5H;UND;0,45;0,57;6
SEPCAM;SEPARADOR CAMPANA;SEPCAM;UND;;1,56;
SEPCAMF;SEPARADOR CAMPANA FDA/GDE;SEPCAMF;UND;12,5;15;3
SEPCAT;SEPARADOR CON ATACHE.;SEPCAT;UND;0,2;0,25;6
SEPD06;SEPARADOR DIAMANTE # 6;SEPD06;UND;;0,11;
SEPD08;SEPARADOR DIAMANTE # 8;SEPD08;UND;;0,13;
SEPD10;SEPARADOR DIAMANTE # 10;SEPD10;UND;0;0,17;
SEPD2H;SEPARADOR DIAMANTE 2 HUECOS;SEPD2H;UND;0,3;0,38;
SEPDAN;SEPARADOR DIAMANTE ANILLO;SEPDAN;UND;0,95;1,19;6
SEPDHO;SEPARADOR DIAMANTE HOJA;SEPDHO;UND;0,55;0,69;6
SEPHOJ;SEPARADOR HOJA;SEPHOJ;UND;;0,75;
SEPHOJF;SEPARADOR HOJA FDA/GDE;SEPHOJF;UND;6;7,2;3
SEPMEA;"SEPARADOR METALICO ""A""";SEPMEA;UND;;1,69;
SEPMEAF;"SEPARADOR METALICO ""A"" FDA/GDE";SEPMEAF;UND;13,5;16,2;3
SFCDGR;SEPARADOR FLOR CON DIAMANTE GDE.;SFCDGR;UND;0,45;0,57;6
SFCDPQ;SEPARADOR FLOR CON DIAMANTE PEQ.;SFCDPQ;UND;0,3;0,38;6
SFLORL;SEPARADOR FLOR DE LATA;SFLORL;UND;;1,5;
SFLORLF;SEPARADOR FLOR DE LATA /FDA/GD.;SFLORLF;UND;12,5;15;3
SHGX100;SUJETADOR DE DIJE GRANDE X100;SHGX100;UND;15;18;3
SLIQUI;SILICON LIQUIDO;SLIQUI;UND;0,45;0,57;6
SLIQX100;SILICON LIQUIDO x 100g;SLIQX100;UND;0,95;1,19;6
SMOF;"SEPARADOR METALICO ""A"" OFERTA FDA/PEQ";SMOF;UND;;0,77;
SMOFF;"SEPARADOR METALICO ""A"" OFERTA FDA/GDE";SMOFF;UND;;7;
SOB/A;SOBRES PARA ARETE;SOB/A;UND;1,88;2,26;6
SOB/C;SOBRES PARA COLLAR;SOB/C;UND;6,88;6,88;6
SOB/P;SOBRES PARA PULSERA;SOB/P;UND;2,75;3,3;6
SUDIJE;SUJETADOR DE DIJE FINO;SUDIJE;UND;0,55;0,68;6
TAASOM;TAPA ARETE SOMBRERO;TAASOM;UND;;2,25;
TAASOMF;TAPA ARETE SOMBRERO FDA/GDE;TAASOMF;UND;18;21,6;3
TAB;TAPA ARETE BARRIL;TAB;UND;;1,56;
TABF;TAPA ARETE BARRIL FDA/GDE;TABF;UND;12,5;15;6
TAF2X20;TUBO ARCO FINO 2 x 20;TAF2X20;UND;;0,16;
TAF3X30;TUBO ARCO FINO 3 x 30;TAF3X30;UND;;0,18;
TAFX100;TUBO ARCO FINO 2X20 X100;TAFX100;UND;13;15,6;3
TAJTAG;TAJADITAS;TAJTAG;UND;0,12;0,16;6
TAPLAS;TAPA ARETE PLASTICO;TAPLAS;UND;;0,3;
TAPLASF;TAPA ARETE PLASTICO FDA/GDE;TAPLASF;UND;2;2,4;6
TAPN2H;TAPA NUDO 2 HUECOS;TAPN2H;UND;;1,13;
TAPN2HF;TAPA NUDO 2 HUECOS FDA/GDE;TAPN2HF;UND;9;10,8;3
TAPN3H;TAPA NUDO 3 HUECOS;TAPN3H;UND;;1,13;
TAPN3HF;TAPA NUDO 3 HUECOS FDA/GDE;TAPN3HF;UND;9;10,8;3
TAPNB;TAPA NUDO BRONCE;TAPNB;UND;;0,75;
TAPNBF;TAPA NUDO BRONCE FDA/GDE;TAPNBF;UND;6;7,2;3
TAPNNI;TAPA NUDO NIQUEL;TAPNNI;UND;;0,69;
TAPNNIF;TAPA NUDO NIQUEL FDA/GDE;TAPNNIF;UND;5,5;6,6;3
TC10X3M;TIRA CONCHA 10 X 30 MED.;TC10X3M;UND;1,5;1,88;6
TC15X3G;TIRA CONCHA 15 x 30 GDE.;TC15X3G;UND;1,7;2,13;6
TC8X17P;TIRA CONCHA 8 X 17 PEQ.;TC8X17P;UND;1,3;1,63;6
TCALA;TIJERA CORTA ALAMBRE;TCALA;UND;1;1,25;6
TCC1.0X1;TIRA  CONCHA CIRUELO 1.0 x 1.0;TCC1.0X1;UND;0,95;1,14;6
TCD;TIRA CUERO DOBLE;TCD;UND;1,5;1,87;6
TCDOR;TIJERA DORADA;TCDOR;UND;4,5;5,63;6
TCENP;TIRA CUERO ENTRENSADA PEQ.;TCENP;UND;0,95;1,19;6
TCEXR;TIRA DE CUERO EXPANDIBLE x ROLLO;TCEXR;UND;9,6;12;6
TCINAN;TIRA PARA CINTURON ANCHA;TCINAN;UND;2,7;3,38;6
TCMEDI;TERMINAL CUERO MEDIANO;TCMEDI;UND;;0,25;
TCMEDIF;TERMINAL CUERO MEDIANO FDA/GDE;TCMEDIF;UND;2;2,4;3
TCNC;TIRA CONCHA NATURAL COLOR;TCNC;UND;0,95;1,2;6
TCPEQU;TERMINAL CUERO PEQUENO;TCPEQU;UND;;0,23;
TCPEQUF;TERMINAL CUERO PEQUEÑO FDA/GDE;TCPEQUF;UND;1,8;2,16;3
TCR1.5X2;TIRA CIRUELO RECTANGULAR 1.5 x 2.0;TCR1.5X2;UND;1,65;2,07;6
TCURXRP;TIRAS DE CUERO x ROLLO PEQ.;TCURXRP;UND;4,5;5,63;6
TCXRG;TIRA DE CUERO x ROLLO GDE;TCXRG;UND;9,6;12;6
TDPC;TAPA DIJE PARA CELULAR FDA/PQ.;TDPC;UND;;0,94;
TDPCF;TAPA DIJE PARA CELULAR X1000 FDA/GDE;TDPCF;UND;7,5;9;3
TDTB;TUBO DIAMANTE TRICOLOR-BLANCO;TDTB;UND;2;2,5;6
TEARCO;TUBO ENTORCHADO ARCO;TEARCO;UND;;1,62;
TEARCOF;TUBO ENTORCHADO ARCO FDA/GDE;TEARCOF;UND;13;15,6;3
TENSAM;TUBO DE ENSAMBLE / DOC;TENSAM;UND;;0,42;
TENSAMF;TUBO DE EMSAMBLE FDA/GDE;TENSAMF;UND;18;21,6;3
TENX100;TUBO DE ENSAMBLE x 100;TENX100;UND;2,8;3,36;3
TERCAD;TERMINAL DE CADENA;TERCAD;UND;;0,81;
TERCADF;TERMINAL DE CADENA FDA/GDE;TERCADF;UND;6,5;7,8;3
TEREC2;TUBO ENTORCHADO RECTO 2 - 3;TEREC2;UND;;0,98;
TEREC2F;TUBO ENTORCHADO RECTO 2 - 3 FDA/GDE;TEREC2F;UND;7,8;9,36;3
TEREC4;TUBO ENTORCHADO RECTO 4 - 5;TEREC4;UND;;1,22;
TEREC4F;TUBO ENTORCHADO RECTO 4 - 5 FDA/GDE;TEREC4F;UND;9,75;11,7;3
TICINTU;TIRA PARA CINTURON;TICINTU;UND;0,95;1,19;6
TICUE;TIRAS DE CUERO;TICUE;UND;1,08;1,3;6
TIJER3;TIJERA # 3;TIJER3;UND;2,25;2,82;6
TIJER4;TIJERA # 4;TIJER4;UND;1,25;1,57;6
TIJER5;TIJERA # 5;TIJER5;UND;1;1,25;6
TIRAGY;TIRAS DE GIPIUR;TIRAGY;UND;1,3;1,63;6
TIRAP1;TIRA PLASTICA # 1;TIRAP1;UND;1;1,25;6
TIRAP2;TIRA PLASTICA # 2;TIRAP2;UND;1,8;2,25;6
TIRAP4;TIRA PLASTICA # 4;TIRAP4;UND;2;2,5;6
TIRAP5;TIRA PLASTICA # 5;TIRAP5;UND;0,5;0,63;6
TIRAPV;TIRA PLASTICA V/MODELOS;TIRAPV;UND;1,5;1,88;6
TIRGYM;TIRAS DE GIPIUR MEDIANA;TIRGYM;UND;0,95;1,19;6
TIRGYP;TIRAS DE GIPIUR PEQUEÑA;TIRGYP;UND;0,65;0,81;6
TLLAA3;TUBO LLANO ARCO 2 - 3 cm;TLLAA3;UND;;0,75;
TLLAA3F;TUBO LLANO ARCO 2 - 3 cm FDA/GDE;TLLAA3F;UND;6;7,2;3
TLLAA4;TUBO LLANO ARCO 4 - 5;TLLAA4;UND;;1,13;
TLLAA4F;TUBO LLANO ARCO 4 - 5 FDA/GDE;TLLAA4F;UND;9;10,8;3
TLLARE;TUBO LLANO RECTO;TLLARE;UND;;0,75;
TLLAREF;TUBO LLANO RECTO FDA/GDE MILLAR;TLLAREF;UND;6;7,2;3
TMEDCI;TIRA MEDIANA PARA CINTURON;TMEDCI;UND;1,65;2,06;6
TOQUEL;TROQUELES;TOQUEL;UND;25;31,25;3
TPAATA;TIRA PLASTICA PARA APLICAR ATACHE;TPAATA;UND;0,5;0,63;6
TPDANC;TIRA PLASTICA DOBLE  ANCHO;TPDANC;UND;2,8;3,5;6
TPDAXRO;TIRA PLASTICA DOBLE  ANCHO ROLLO;TPDAXRO;UND;25,2;30,24;6
TPLASA;TIRA PLASTICA ANCHA;TPLASA;UND;1,2;1,5;6
TUBTAG;TUBITOS;TUBTAG;UND;;0,06;
UCB1.5;UNION DE CADENA BOLA 1.5 mm;UCB1.5;UND;;0,5;
UCB1.5F;UNION DE CADENA BOLA 1.5 mm FDA/GDE;UCB1.5F;UND;4;4,8;6
UCB2.3;UNION DE CADENA BOLA 2.3 mm;UCB2.3;UND;;0,56;
UCB2.3F;UNION DE CADENA BOLA 2.3 mm FDA/GDE;UCB2.3F;UND;4,5;5,4;3
UCBF1.5;UNION DE CADENA BOLA FINA 1.5;UCBF1.5;UND;1,8;2,16;6
UCBF2.4;UNION DE CADENA BOLA FINA 2.4;UCBF2.4;UND;1,9;2,4;6
UCBF3.2;UNION DE CADENA BOLA FINA 3.2;UCBF3.2;UND;2,3;2,3;6
UCCR4.0;UNION DE CADENA C R 4.0;UCCR4.0;UND;3;0,3;6
UCF;UNION DE CADENA FINA;UCF;UND;2;2;6
UCSYB1.9;UNION DE CADENA S Y B 1.9;UCSYB1.9;UND;;0,15;
UCSYB1.9F;UNION DE CADENA SYB1.9 FG;UCSYB1.9F;UND;1;1,2;6
UCSYB2.4;UNION DE CADENA S Y B 2.4;UCSYB2.4;UND;;0,2;
UCSYB2.4F;UNION DE CADENA SYB 2.4 FG;UCSYB2.4;UND;1,5;1,8;6
UCSYB3.2;UNION DE CADENA S Y B 3.2;UCSYB3.2;UND;;0,23;
UCSYB3.2F;UNION DE CADENA SYB 3.2 FG;UCSYB3.2F;UND;1,65;1,98;6
VBC;VESTIDO- BLUSAS- CAMISETAS;VBC;UND;;25;
VINCHAS;VINCHAS JIN TAI;VINCHAS;UND;6;6,3;6
