A2H1-2FG;ALFILER 2 HUECOS 1 - 2 FDA/GDE;A2H1-2FG;UND;3;5;4;2;3;;;
AABFG;AGUJA DE ARETE BRONCE FDA/GDE;AABFG;UND;5;5;6;6;3;;;
AACBF;ASAS DE ARETE COBRE FDA/GDE;AACBF;UND;5;25;6;3;3;;;
AAE32F;ARGOLLA ALUM. ENTOR. 3.2 X 27 FDA/GDE;AAE32F;UND;6;5;7;8;3;;;
AAFG;ARGOLLA DE ACERO F/GR;AAFG;UND;14;5;17;4;3;;;
AAKG;ALAMBRE ALPACA /KG;AAKG;UND;13;2;15;84;3;;;
AAPGFG;AGUJA DE ARETE PLANA GRANDE FDA/GDE;AAPGFG;UND;9;5;11;4;3;;;
AAPPFG;AGUJA DE ARETE PLANA PEQUEÑA FDA/GDE;AAPPFG;UND;9;5;11;4;3;;;
AARGFG;AGUJA DE ARETE REDONDA GRANDE FDA/GDE;AARGFG;UND;5;5;6;6;3;;;
AARPFG;AGUJA DE ARETE REDONDA PEQUEÑA F/G;AARPFG;UND;4;5;5;4;3;;;
AK102F;ARGOLLA DE ALUMINIO K102 FDA/GD;AK102F;UND;11;5;13;8;3;;;
AK104F;ARGOLLA DE ALUMINIO K104 FDA/GD;AK104F;UND;9;5;11;4;3;;;
AK105F;ARGOLLA DE ALUMINIO K105 FDA/GD;AK105F;UND;5;9;7;8;3;;;
AK106-7F;ARGOLLA DE ALUMINIO K106-K107 FDA/GD;AK106-7F;UND;4;5;5;4;3;;;
ALMAKG;ALAMBRE MEMORIA ANILLO / KG;ALMAKG;UND;6;9;8;28;3;;;
ALMCKG;ALAMBRE MEMORIA COLLAR / KG;ALMCKG;UND;6;9;8;28;3;;;
ALL0.28F;ARGOLLA LLAVERO 0.28 x 1000 PLANA FDA/GDE;ALL0.28F;UND;16;5;19;8;3;;;
AMAAKG;ALAMBRE MEMORIA ARETE / KG;AMAAKG;UND;6;9;8;28;3;;;
ARA30F;ARGOLLA DE ALUMINIO 3.0 x 2.6 FDA/GD;ARA30F;UND;4;5;5;4;3;;;
ARAL2.0F;ARGOLLA ALUMINIO 2.0 x 1.2 FDA/GDE;ARAL2.0F;UND;13;75;16;5;3;;;
ARAL3F;ARGOLLA DE ALUMINIO 3.0 x 3.1 FDA/GD;ARAL3F;UND;5;5;6;6;3;;;
ARG05F;ARGOLLA 0.5 FDA/ GDE.;ARG05F;UND;4;6;5;52;3;;;
ARG3F;ARGOLLA 3.5 mm FDA/ GDE;ARG3F;UND;5;2;6;24;3;;;
ARGCBF;ARGOLLA 0.5 COBRE / BRONCE FDA/GDE;ARGCBF;UND;3;7;4;44;3;;;
ARGNF;ARGOLLA 0.5 NEGRA FDA/GDE;ARGNF;UND;3;7;4;44;3;;;
ARQK120F;ARGOLLA ALUMINO QK120 FDA/GDE;ARQK120F;UND;13;75;16;5;3;;;
ATCHF;ATACHES FDA/GDE;ATCHF;UND;3;5;4;38;3;;;
BOLM4F;BOLA METALICA # 4 FDA/GDE;BOLM4F;UND;8;5;10;2;3;;;
BOLM6F;BOLA METALICA # 6 FDA/GDE;BOLM6F;UND;4;5;5;4;3;;;
BOLM8F;BOLA METALICA # 7-8 FDA/GDE;BOLM8F;UND;8;5;10;2;3;;;
BRBPF;BROCHE BARRIL PEQUEÑO FDA/GDE;BRBPF;UND;18;5;22;2;3;;;
BRGPF;BROCHE GANCHO BRONCE PEQUEÑO FDA/GDE;BRGPF;UND;11;5;13;8;3;;;
BROPLAS;BROCHE PLASTICO FDA/GDE;BROPLAS;UND;3;57;4;29;3;;;
BROR;"BROCHE "" R """;BROR;UND;0;6;0;76;3;;;
BX100CO;BOTONES X 100 PARA COSER;BX100CO;UND;4;25;5;1;3;;;
CCOLKG;CORDON COLA DE RATA KG;CCOLKG;UND;8;5;8;93;3;;;
CEMXR;CORDON ELASTICO  MED. x ROLLO;CEMXR;UND;4;5;5;63;3;;;
CLCBF;CLAVO COBRE / BRONCE FDA/GDE;CLCBF;UND;4;5;5;4;3;;;
CNFCF;CLAVO NIQ.FINO/CABEZA FUNDA;CNFCF;UND;9;8;11;76;3;;;
DAMX100;DIJE ACERO MEDIANO X 100;DAMX100;UND;10;5;12;6;3;;;
DDBX100;DIJE DIAMANTE DE BRASIL x 100;DDBX100;UND;0;3;0;3;3;;;
DIJMETPF;DIJE METALICO PEQUEÑO FDA/GDE;DIJMETPF;UND;5;5;6;6;3;;;
EEROLLO;ENCAJE ELASTICO ROLLO;EEROLLO;UND;9;5;11;4;3;;;
GALLAVPF;GANCHO LLAVERO PEQUEÑO FDA/GDE;GALLAVPF;UND;4;3;5;16;3;;;
GLLAVMF;GANCHO LLAVERO MEDIANO F/GDE.;GLLAVMF;UND;6;5;7;8;3;;;
HILTJXK;HILO PARA TEJER x KG;HILTJXK;UND;7;5;9;38;3;;;
LENTJF;LENTEJUELA FDA/GDE;LENTJF;UND;5;5;6;6;3;;;
PAMBEF;PEPA AMBAR ESPECIAL FDA/GDE;PAMBEF;UND;6;9;8;28;3;;;
PANTIGF;PEPA ANTIGUA FD/GD;PANTIGF;UND;7;8;9;36;3;;;
PARTF;PIEDRA ARTIFICIAL FD/GD;PARTF;UND;9;8;11;76;3;;;
PCOBPF;PEPA COBRE PULIDA FDA/GDE;PCOBPF;UND;9;5;11;4;3;;;
PEBTO3F;PEPA BICOLOR TORNASOL ROMBO# 3 FDA/GDE;PEBTO3F;UND;18;8;22;56;3;;;
PEGSENF;PEPA GAMUZA SENCILLA FDA/GDE;PEGSENF;UND;7;8;9;36;3;;;
PEMADEF;PEPA MADERA FDA/GDE;PEMADEF;UND;6;9;8;28;3;;;
PEMAPEGF;PEPA MADERA PEGABLE FDA/GDE;PEMAPEGF;UND;2;9;3;48;3;;;
PENIPLF;PEPA NIQUEL / PLATA FDA/GDE;PENIPLF;UND;10;5;12;6;3;;;
PENPROF;PEPA NIQUEL PLATA PARA ROPA FDA/GDE;PENPROF;UND;10;5;12;6;3;;;
PEPNF;PEPA PLASTICA NACAR FDA/GDE;PEPNF;UND;9;9;11;88;3;;;
PEPR3F;PEPA PLASTICA ROMBO # 3 FD/GDE;PEPR3F;UND;9;5;11;4;3;;;
PHTRASNF;PEPA HIELO TRANSPARENTE FD/GD;PHTRASNF;UND;9;5;11;4;3;;;
PMCF;PEPA MADERA COLOR FDA/GDE;PMCF;UND;8;5;10;2;3;;;
PMETF;PEPA METALICA FDA/GDE;PMETF;UND;8;5;10;2;3;;;
PPFG;PERLA PLASTICA FUNDA FD/GR.;PPFG;UND;6;9;8;28;3;;;
REB2X2F;RETENEDOR BOLA 2 x 2 FDA/GDE;REB2X2F;UND;18;5;22;2;3;;;
RH/TEJ;ROLLO HILO PARA TEJER;RH/TEJ;UND;5;5;6;93;3;;;
RTU1X1F;RETENEDOR TUBO 1.5 x 1.5  FDA/GDE;RTU1X1F;UND;4;5;5;4;3;;;
S10HCBF;SEPARADOR 10 HUECOS COBRE/B. FDA/GDE.;S10HCBF;UND;7;9;9;48;3;;;
SBV10F;SEPARADOR BOLA VACIA # 10 FDA/GDE;SBV10F;UND;13;5;16;2;3;;;
SBV8F;SEPARADOR BOLA VACIA # 08 FDA/GDE;SBV8F;UND;10;5;12;6;3;;;
SD06X100;SEPARADOR DIAMANTE # 6;SD06X100;UND;7;8;9;36;3;;;
SD08X100;SEPARADOR DIAMANTE # 8;SD08X100;UND;9;5;11;4;3;;;
SD10X100;SEPARADOR DIAMANTE # 10;SD10X100;UND;12;8;15;36;3;;;
SDSENF;SUJETADOR DIJE SENCILLO FDA/GDE;SDSENF;UND;4;5;5;4;3;;;
SE10HGF;SEPARADOR 10 HUECOS GRUESO FDA/GDE;SE10HGF;UND;7;9;9;48;3;;;
S/ELASF;SUJETADOR DE ELASTICO FDA/GDE;S/ELASF;UND;3;75;4;5;3;;;
SEPMEAF;"SEPARADOR METALICO ""A"" FDA/GDE";SEPMEAF;UND;13;5;16;2;3;;;
TAPNNIF;TAPA NUDO NIQUEL FDA/GDE;TAPNNIF;UND;5;5;6;6;3;;;
TCPEQUF;TERMINAL CUERO PEQUEÑO FDA/GDE;TCPEQUF;UND;1;8;2;16;3;;;
TENX100;TUBO DE ENSAMBLE x 100;TENX100;UND;2;8;3;36;3;;;
TERCADF;TERMINAL DE CADENA FDA/GDE;TERCADF;UND;6;5;7;8;3;;;
TEREC2F;TUBO ENTORCHADO RECTO 2 - 3 FDA/GDE;TEREC2F;UND;7;8;9;36;3;;;
TEREC4F;TUBO ENTORCHADO RECTO 4 - 5 FDA/GDE;TEREC4F;UND;9;75;11;7;3;;;
UCB2.3F;UNION DE CADENA BOLA 2.3 mm FDA/GDE;UCB2.3F;UND;4;5;5;4;3;;;
AAF;AGUJA DE ARETE FLOR;AAF;UND;0;5;0;63;6;;;
ABAT;ANILLO PARA BASE ATACHE;ABAT;UND;0;11;0;16;6;;;
ABTL;APLIQUE BOTON DE TELA;ABTL;UND;0;25;0;32;6;;;
ABTLP;APLIQUE BOTON DE TELA PEQ.;ABTLP;UND;0;1;0;13;6;;;
ABTM;APLIQUE BOTON DE TELA MEDIANO;ABTM;UND;0;2;0;25;6;;;
ACCTDI;ASA CERRADA CON TORNILLO DIAMANTE;ACCTDI;UND;1;2;1;5;6;;;
ACCTOR;ASA CERRADA CON TORNILLO;ACCTOR;UND;0;45;0;54;6;;;
ACMN;APLIQUE CARA DE MUÑEQUITAS;ACMN;UND;0;4;0;5;6;;;
ACPCG;ATACHE PARA COSER GRANDE;ACPCG;UND;1;5;1;89;6;;;
ACPCP;ATACHE PARA COSER PEQUEÑO;ACPCP;UND;0;9;1;13;6;;;
ACHP;AGUJA PARA CHAQUIRA PEQUENA;ACHP;UND;0;5;0;63;6;;;
AD08;ARGOLLA DIAMANTE # 8;AD08;UND;0;35;0;44;6;;;
AD10;ARGOLLA DIAMANTE # 10;AD10;UND;0;4;0;5;6;;;
AD15;ARGOLLA DIAMANTE # 15;AD15;UND;0;65;0;82;6;;;
ADDO09;ARGOLLA DIAMANTE DOBLE # 09;ADDO09;UND;0;65;0;82;6;;;
ADDO12;ARGOLLA DIAMANTE DOBLE # 12;ADDO12;UND;0;7;0;88;6;;;
ADPLAS;ARGOLLA DIAMANTE PLASTICA;ADPLAS;UND;0;4;0;5;6;;;
AECHP50;AGUJA P/ENSARTAR CHAQUIRA /50F;AECHP50;UND;1;5;1;88;6;;;
AFG;ARETE FINO GRANDE;AFG;UND;1;75;2;19;6;;;
AFT10;ARGOLLA FINA T - 7100;AFT10;UND;0;35;0;45;6;;;
AFT13;ARGOLLA FINA T - 1380;AFT13;UND;0;15;0;19;6;;;
AFT16;ARGOLLA FINA T - 1666;AFT16;UND;0;4;0;5;6;;;
AFT67;ARGOLLA FINA T - 1667;AFT67;UND;0;35;0;45;6;;;
AFT68;ARGOLLA FINA T - 1668;AFT68;UND;0;4;0;5;6;;;
AFT71;ARGOLLA FINA T - 6071;AFT71;UND;0;2;0;25;6;;;
ANAF;ANILLO AGATA FACETEADO;ANAF;UND;0;4;0;5;6;;;
ANAG;ANILLO AGATA;ANAG;UND;0;35;0;44;6;;;
AP1HOJA;APLIQUE 1 HOJA;AP1HOJA;UND;0;2;0;25;6;;;
AP2FPQ;APLIQUE 2 FLOR PEQUEÑA;AP2FPQ;UND;0;9;0;11;6;;;
AP2RL;APLIQUE 2 ROSAS LARGAS;AP2RL;UND;0;43;0;54;6;;;
AP6FL;APLIQUE 6 FLORES;AP6FL;UND;0;45;0;56;6;;;
APCRIS;APLIQUE CON PEPA CRISTAL;APCRIS;UND;3;8;4;75;6;;;
APER;ARETE PERLA;APER;UND;0;65;0;82;6;;;
APFP;APLIQUE FLOR PEQUEÑA;APFP;UND;0;13;0;16;6;;;
APGF;APLIQUE GAJOS DE FLORES;APGF;UND;0;4;0;5;6;;;
APGL;APLIQUE GAJOS LARGOS;APGL;UND;0;91;1;14;6;;;
APHB;APLIQUE HOJA BORDADA;APHB;UND;0;12;0;15;6;;;
APHC;APLIQUE HOJA CORAZON;APHC;UND;0;25;0;31;6;;;
APLAM;ATACHE PLASTICO MD.;APLAM;UND;0;15;0;19;6;;;
APLAP;ATACHE PLAST.PEQ.;APLAP;UND;0;13;0;16;6;;;
APLAS;ATACHE PLASTICO;APLAS;UND;0;16;0;2;6;;;
APLEM;APLIQUE CON LENTEJUELA MEDIANO;APLEM;UND;0;55;0;69;6;;;
APLEN;APLIQUE CON LENTEJUELA;APLEN;UND;0;6;0;75;6;;;
APLx12;APLIQUE LANA X 12;APLx12;UND;1;8;2;25;6;;;
APMG;APLIQUE MARIPOSA GRANDE;APMG;UND;0;75;0;94;6;;;
APOK;APLIQUE OK.;APOK;UND;0;5;0;63;6;;;
APRL;APLIQUE ROSA LENTEJUELA;APRL;UND;0;3;0;39;6;;;
APTP;APLIQUE TULIPAN;APTP;UND;0;35;0;44;6;;;
APVM;APLIQUE VARIOS MODELOS;APVM;UND;0;4;0;5;6;;;
APZAP;ATACHE PARA ZAPATOS;APZAP;UND;0;25;0;31;6;;;
ARLZ;APLIQUE ROSA - LAZO;ARLZ;UND;0;2;0;25;6;;;
AROR;APLIQUE ROSA HORGANZA;AROR;UND;0;4;0;5;6;;;
ASEN;APLIQUE SENCILLO;ASEN;UND;0;3;0;38;6;;;
BAAR;BASE ANILLO CON ARGOLLA;BAAR;UND;0;4;0;5;6;;;
BAMA;BASE ANILLO CON MAYA;BAMA;UND;0;4;0;5;6;;;
BAXP;BASE PARA ARETE X PAR;BAXP;UND;1;5;1;88;6;;;
BGDI;BROCHE GRANDE CON DIAMANTE;BGDI;UND;0;65;0;81;6;;;
BMPA;BROCHE MAGNETICO PASTILLA;BMPA;UND;0;2;0;26;6;;;
BODE04;BOLA DEBUTA # 04;BODE04;UND;0;4;0;5;6;;;
BODE06;BOLA DEBUTA # 06;BODE06;UND;0;4;0;5;6;;;
BODE08;BOLA DEBUTA # 08;BODE08;UND;0;5;0;63;6;;;
BODE10;BOLA DEBUTA # 10;BODE10;UND;0;75;0;95;6;;;
BODE12;BOLA DEBUTA # 12;BODE12;UND;1;1;1;39;6;;;
BRCG;BROCHE CONCHA GRANDE;BRCG;UND;6;8;8;5;6;;;
BRCP;BROCHE CONCHA PEQUEÑO;BRCP;UND;3;9;4;88;6;;;
BRDA;"BROCHE DIAMANTE "" A """;BRDA;UND;0;5;0;63;6;;;
BRDGR;BROCHE DIAMANTE GRANDE;BRDGR;UND;0;6;0;76;6;;;
BRIEX;BROCHE IMAN EXTRA GRANDE;BRIEX;UND;0;85;1;6;6;;;
BROF;BROCHE FINO;BROF;UND;0;45;0;57;6;;;
BROG;BROCHE GAFETE;BROG;UND;0;45;0;57;6;;;
BROPA;BROCHE PASTILLA;BROPA;UND;0;6;0;75;6;;;
BROPI;BROCHE CON PIEDRA;BROPI;UND;2;5;3;13;6;;;
BROSV;BROCHE SALVAVIDA;BROSV;UND;0;45;0;57;6;;;
BRRF;BROCHE REDONDO FINO;BRRF;UND;0;65;0;82;6;;;
CALCO;CALCOMANIA 60 x 46;CALCO;UND;2;7;3;38;6;;;
CANUT;CANUTILLO TORCIDO;CANUT;UND;1;8;2;16;6;;;
CASCN;CASCAJO NATURAL;CASCN;UND;1;2;1;5;6;;;
CAVM;CORAL ARROZ VARIOS MODELOS;CAVM;UND;0;8;0;1;6;;;
CCTP;CORAL CUADRADO TUBO PASTILLA;CCTP;UND;0;1;0;13;6;;;
CCHN;CASCAJO CONCHA NACAR;CCHN;UND;1;25;1;56;6;;;
CCHR;COLLAR CONCHA REDONDO;CCHR;UND;0;85;1;7;6;;;
CGYM;CUELLOS DE GIPIUR MEDIANO;CGYM;UND;1;75;2;19;6;;;
CGYP;COELLO DE GIPIUR PEQUEÑO;CGYP;UND;0;7;0;88;6;;;
CIRCLL;CIRCULO DE CUELLO;CIRCLL;UND;0;45;0;59;6;;;
CJC6;CUARZO JADE CUADRADO # 06;CJC6;UND;0;75;0;9;6;;;
CJCL6;CUARZO JADE CUADRADO LARGO # 6;CJCL6;UND;0;95;1;14;6;;;
CJRG;CUARZO RECTANGULAR GDE. 8 X 16;CJRG;UND;1;5;1;8;6;;;
CJRM;CUARZO RECTANGULAR MED. 6 X 12;CJRM;UND;1;1;1;32;6;;;
CJT;CUARZO JADE TORCIDO;CJT;UND;1;5;1;8;6;;;
CMETR;CINTA METRICA;CMETR;UND;0;15;0;19;6;;;
CNA4;"CRISTAL NATURAL ""A"" # 04";CNA4;UND;1;9;2;39;6;;;
CNA4R;"CRISTAL NATURAL ""A"" 1.5 # 04";CNA4R;UND;3;5;4;38;6;;;
CNA6;"CRISTAL NATURAL ""A"" # 6";CNA6;UND;2;5;3;13;6;;;
CNA8;"CRISTAL NATURAL "" A"" # 8";CNA8;UND;1;4;1;75;6;;;
CNAB10;"CRISTAL NATURAL "" A "" 1.5 BOLA # 10";CNAB10;UND;5;5;6;88;6;;;
CNAB1.56;"CRISTAL NAT. ""A"" 1.5 BOLA # 6";CNAB1.56;UND;4;5;5;63;6;;;
CNAB4;"CRISTAL NAT. ""A"" 1.5 BOLA # 4";CNAB4;UND;3;5;4;38;6;;;
CNAB6;"CRISTAL NATURAL "" A"" BOLA # 06";CNAB6;UND;1;7;2;13;6;;;
CNAB6N;"CRISTAL NAT. ""A"" BOLA # 6 NUEVA";CNAB6N;UND;2;5;3;13;6;;;
CNABP12;"CRISTAL NATURAL ""A"" BOLA 12";CNABP12;UND;2;5;3;13;6;;;
CNBOL12;CONCHA NATURAL BOLA # 12;CNBOL12;UND;1;95;2;44;6;;;
CNBOL8;CONCHA NATURAL BOLA # 8;CNBOL8;UND;0;95;1;19;6;;;
CNC4;CRISTAL NATURAL CUADRADO # 04;CNC4;UND;2;5;3;13;6;;;
CNC6;CRISTAL NATURAL CUADRADO # 06;CNC6;UND;2;75;3;44;6;;;
CND10;CRISTAL NATURAL DIAMANTE # 10;CND10;UND;3;6;4;5;6;;;
CND12;CRISTAL NATURAL DIAMANTE # 12;CND12;UND;4;25;5;31;6;;;
CND14;CRISTAL NATURAL DIAMANTE # 14;CND14;UND;4;95;6;19;6;;;
CNO10;CRISTAL OVALO # 10;CNO10;UND;5;5;6;88;6;;;
CNO6;CRISTAL OVALO # 6;CNO6;UND;4;5;5;63;6;;;
COCHNV;CONCHA NATURA V/ MODEL0S;COCHNV;UND;0;75;0;94;6;;;
COCHQ;COLLAR DE CHAQUIRA;COCHQ;UND;0;75;0;94;6;;;
COLPNG;COLLAR PIEDRA NATURAL GRANDE;COLPNG;UND;3;5;4;2;6;;;
COLPNP;COLLAR PIEDRA NATURAL PEQUENO;COLPNP;UND;2;5;3;29;6;;;
CONCAS;CONCHA CASCAJO;CONCAS;UND;1;9;2;39;6;;;
CORCAS;CORAL CASCAJO;CORCAS;UND;0;5;0;7;6;;;
CORCO;CORTADOR DE COLLAR;CORCO;UND;0;6;0;76;6;;;
CORSP;CORDON DE SEDA /PQ.;CORSP;UND;0;29;0;37;6;;;
CRISHOJ;CRISTAL HOJA;CRISHOJ;UND;0;75;0;95;6;;;
CRISTN10;CRISTAL NATURAL # 10;CRISTN10;UND;1;5;1;58;6;;;
CRISTN4;CRISTAL NATURAL # 04;CRISTN4;UND;0;5;0;63;6;;;
CRISTN6;CRISTAL NATURAL # 06;CRISTN6;UND;0;75;0;93;6;;;
CRISTN8;CRISTAL NATURAL # 08;CRISTN8;UND;0;95;1;2;6;;;
CROX12;CROCHETS X DOC.;CROX12;UND;1;3;1;63;6;;;
CROXUN;CROCHETS x UN.;CROXUN;UND;0;4;0;5;6;;;
CTN6;CRISTAL TORNASOL NATURAL 6;CTN6;UND;1;9;2;39;6;;;
CUARJB10;CUARZO JADE BOLA # 10;CUARJB10;UND;0;75;0;9;6;;;
CUARJB6;CUARZO JADE BOLA # 06;CUARJB6;UND;0;45;0;54;6;;;
CUARJB8;CUARZO JADE BOLA # 08;CUARJB8;UND;0;6;0;72;6;;;
CUARJC10;CUARZO JADE CUADRADO # 10;CUARJC10;UND;1;1;1;32;6;;;
CUARJC4;CUARZO JADE CUADRADO # 04;CUARJC4;UND;0;5;0;6;6;;;
CUARJC8;CUARZO JADE CUADRADO # 08;CUARJC8;UND;0;9;1;8;6;;;
CUARJE;CUARZO JADE ENTORCHADO;CUARJE;UND;1;5;1;8;6;;;
CHAH;CHAQUIRA HIELO;CHAH;UND;1;25;1;5;6;;;
CHAMES;CHAQUIRA METALIZADA ESPECIAL;CHAMES;UND;5;5;6;88;6;;;
CHAQ;CHAQUIRA;CHAQ;UND;1;75;2;19;6;;;
CHAQM;CHAQUIRA METALIZADA;CHAQM;UND;2;25;2;82;6;;;
CHBI;CHAQUIRA BICOLOR;CHBI;UND;3;5;4;38;6;;;
DAMXFU;DIJE ACERO MEDIANO;DAMXFU;UND;10;5;12;6;6;;;
DBB10;DIAMANTE DE BRASIL BOLA # 10;DBB10;UND;0;9;1;13;6;;;
DBB4;DIAMANTE DE BRASIL BOLA # 04;DBB4;UND;0;35;0;42;6;;;
DBB5X8;DIAMANTE DE BRASIL 5 x 8 / 6 x 8;DBB5X8;UND;0;75;0;94;6;;;
DBB6X9;DIAMANTE DE BRASIL 6 x 9;DBB6X9;UND;0;8;0;96;6;;;
DBB8;DIAMANTE DE BRASIL BOLA # 08;DBB8;UND;0;6;0;75;6;;;
DBBC4;DIAMANTE DE BRASIL CUADRADO # 04;DBBC4;UND;0;35;0;44;6;;;
DBBC6;DIAMANTE DE BRASIL CUADRADO # 06;DBBC6;UND;0;45;0;57;6;;;
DBBC8;DIAMANTE DE BRASIL CUADRADO # 08;DBBC8;UND;0;9;1;13;6;;;
DBBI10;DMT/BRASIL BOLA IMAN # 10;DBBI10;UND;0;9;1;13;6;;;
DBB6;DIAMANTE DE BRASIL BOLA # 06;DBBI6;UND;0;45;0;54;6;;;
DBBI6;DMT/BRASIL BOLA IMAN # 6;DBBI6;UND;0;7;0;88;6;;;
DBDPX12;DIAMANTE DE BRASIL C/DIJE PEQ x 12;DBDPX12;UND;1;65;2;7;6;;;
DBE/C;DIAMANTE DE BRASIL ESTRELLA / CORAZON;DBE/C;UND;1;5;1;88;6;;;
DBP6;DIAMANTE DE BRASIL PASTILLA # 06;DBP6;UND;0;5;0;63;6;;;
DBT5X8I;DIAMANTE DE BRASIL TUBO 5X8 IMAN;DBT5X8I;UND;0;7;0;84;6;;;
DCCM;DIJE CRISTAL CORAZON.MARIPOSA;DCCM;UND;0;15;0;19;6;;;
DDB2H;DIJE DIAMANTE DE BRASIL 2 HUECOS;DDB2H;UND;0;2;0;2;6;;;
DIJAG;DIJE ACERO GRANDE;DIJAG;UND;1;5;1;89;6;;;
DIJAR;DIJES PARA ARETES;DIJAR;UND;0;75;0;95;6;;;
DIJCAM;DIJE CRISTAL ATACHE MEDIANO;DIJCAM;UND;0;6;0;75;6;;;
DIJCAR;DIJE CONCHA ARGOLLA;DIJCAR;UND;0;15;0;19;6;;;
DIJCB;DIJE CONCHA CON BASE;DIJCB;UND;6;8;8;5;6;;;
DIJCG;DIJE CRISTAL GOTA;DIJCG;UND;0;19;0;24;6;;;
DIJCGM;DIJE CRISTAL GOTA MEDIANA;DIJCGM;UND;0;4;0;5;6;;;
DIJCOP;DIJE CRISTAL OCTAGONAL PEQUEÑO;DIJCOP;UND;0;4;0;5;6;;;
DIJCPP;DIJES DE CONCHA PERLA PEQUEÑO;DIJCPP;UND;0;5;0;63;6;;;
DIJCPPA;DIJE CRISTAL PEQUEÑO PASTILLA;DIJCPPA;UND;0;12;0;15;6;;;
DIJCPR;DIJE CRISTAL PEQUENO REDONDO;DIJCPR;UND;0;1;0;13;6;;;
DIJCRG;DIJE CRISTAL REDONDO GRANDE;DIJCRG;UND;0;5;0;65;6;;;
DIJCRP;DIJE CRISTAL ROMBO PEQUEÑO;DIJCRP;UND;0;4;0;5;6;;;
DIJDVM;DIJE DIAMANTE VARIOS MODELOS;DIJDVM;UND;2;5;3;13;6;;;
DIJECP;DIJE CONCHA PINTADA;DIJECP;UND;0;22;0;28;6;;;
DIJECR;DIJE CONCHA ROSA;DIJECR;UND;0;35;0;44;6;;;
DIJGH;DIJE GEMA CON HUECOS;DIJGH;UND;0;8;1;1;6;;;
DIJGNG;DIJE GEMA NATURAL GRANDE;DIJGNG;UND;0;75;0;94;6;;;
DIJMET;DIJE METALICO;DIJMET;UND;0;4;0;5;6;;;
DIJOG;DIJE CONCHA HOJA GRANDE;DIJOG;UND;0;75;0;94;6;;;
DIJQFP;DIJE CUARZO FLOR/PQ.;DIJQFP;UND;1;2;1;51;6;;;
DIJVFO;DIJE VITROFUSION OVALO;DIJVFO;UND;0;75;0;94;6;;;
DIJVFP;DIJE VITROFUSION PEQUEÑO;DIJVFP;UND;0;9;1;13;6;;;
DIJVFV;DIJE VITRO FUSION VARIOS MODELOS;DIJVFV;UND;1;9;2;38;6;;;
DJCLX100;DIJE PARA CELULAR;DJCLX100;UND;3;5;4;68;6;;;
DOGOPT;DIJE OJO DE GATO OVALO PEQ. TI;DOGOPT;UND;4;5;5;4;6;;;
E244-313;ENCAJE REF. # 244 - # 313;E244-313;UND;0;15;0;19;6;;;
ELAST;ELASTICO;ELAST;UND;0;5;0;63;6;;;
ENCAJC;ENCAJE CUADRADO;ENCAJC;UND;0;36;0;48;6;;;
ENCAJET;ENCAJE ENTRENSADO;ENCAJET;UND;0;25;0;41;6;;;
ENCAJS;ENCAJE TIRA CUERO SENCILLO;ENCAJS;UND;0;3;0;5;6;;;
ENCGP;ENCAJE GIPIUR PEQ. (DS-401660E1.3/F);ENCGP;UND;0;36;0;45;6;;;
ENCJ11B;ENCAJE 11BORDES;ENCJ11B;UND;0;78;1;5;6;;;
ENCJ1B;ENCAJE 1 BORDES;ENCJ1B;UND;0;25;0;41;6;;;
ENCJ5B;ENCAJE 5 BORDES;ENCJ5B;UND;0;43;0;59;6;;;
ENCJC;ENCAJE TEJIDO DE CUERO;ENCJC;UND;0;4;0;55;6;;;
ENCJCR;ENCAJE COLA DE RATA;ENCJCR;UND;0;25;0;4;6;;;
ENCJM;ENCAJE MEDALLA;ENCJM;UND;0;7;0;9;6;;;
ENCJN;ENCAJE NUDO;ENCJN;UND;0;25;0;4;6;;;
ENCJP;ENCAJE CON PERLA;ENCJP;UND;0;36;0;59;6;;;
ENCJTX1;ENCAJE TIRA x 1;ENCJTX1;UND;0;1;0;13;6;;;
ENCTG;ENCAJE TIRA GAMUZA;ENCTG;UND;0;3;0;4;6;;;
EREF336;ENCAJE REF. # 336;EREF336;UND;0;2;0;25;6;;;
EREF445;ENCAJE REF. # 445;EREF445;UND;0;25;0;32;6;;;
EREF703;ENCAJE REF. # 703;EREF703;UND;0;35;0;44;6;;;
EREF722;ENCAJE  REF. # 722;EREF722;UND;0;12;0;15;6;;;
EREF730;ENCAJE  REF. # 730;EREF730;UND;0;3;0;38;6;;;
ESC9X;ESTUCHE DE CUERO 8x9;ESC9X;UND;2;75;3;44;6;;;
ESC9X5;ESTUCHE DE CUERO 9 x 5;ESC9X5;UND;2;8;3;36;6;;;
ESCEP;ESTUCHE CUADRADO EXTRA PEQUEÑO;ESCEP;UND;0;25;0;31;6;;;
ESCMD;ESTUCHE CUADRADO MED.;ESCMD;UND;0;62;0;78;6;;;
ESCPE;ESTUCHE CUADRADO PEQUEÑO;ESCPE;UND;0;4;0;5;6;;;
ESG12;ESTUCHE GAMUZA 12 x 17.5;ESG12;UND;4;2;5;29;6;;;
ESG22;ESTUCHE GAMUZA 22x5;ESG22;UND;2;4;3;2;6;;;
ESTC;ESTUCHE CORAZON;ESTC;UND;0;4;0;5;6;;;
ESTC9X9;ESTUCHE CUADRADO 9 x 9;ESTC9X9;UND;0;55;0;69;6;;;
ESTCB;ESTUCHE BRILLOSO;ESTCB;UND;6;5;7;8;6;;;
ESTCP;ESTUCHE CUERO PEQ.;ESTCP;UND;1;45;1;74;6;;;
ESTOR;ESTUCHE TORNASOL;ESTOR;UND;0;55;0;69;6;;;
ESTPLAN;ESTUCHE PLASTICO DE ANILLO;ESTPLAN;UND;0;25;0;3;6;;;
ESTPLG;ESTUCHES PLASTICO GRANDE;ESTPLG;UND;0;75;0;75;6;;;
ESTR8X11;ESTUCHE RECTANGULAR 8 x 11;ESTR8X11;UND;0;6;0;75;6;;;
EXAGR;EXSIBIDORES DE ARETE GRANDE;EXAGR;UND;6;8;8;16;6;;;
FATG;FICHA PARA ARETE TAGUA /GD.;FATG;UND;0;12;0;15;6;;;
FATM;FICHA PARA ARETE TAGUA /MD.;FATM;UND;0;1;0;13;6;;;
FATP;FICHA PARA ARETE TAGUA /PQ.;FATP;UND;0;11;0;14;6;;;
FICHP;FICHA PULSERA;FICHP;UND;0;12;0;15;6;;;
FUNX16;FUNDA CON CIERRE 11 x 16 GDE;FUNX16;UND;1;85;2;29;6;;;
FUNX7;FUNDA CON CIERRE 7x 10 PEQ.;FUNX7;UND;0;95;1;19;6;;;
FUNX9;FUNDA CON CIERRE 9 x 13 MED.;FUNX9;UND;1;45;1;81;6;;;
GARGCH;GARGANTILLA DE CHAQUIRA;GARGCH;UND;0;79;0;99;6;;;
GRANB12;GRANATE BOLA # 12;GRANB12;UND;12;5;15;63;6;;;
GRANB3;GRANATE BOLA # 03 - 04;GRANB3;UND;5;5;6;88;6;;;
GRANB8;GRANATE BOLA # 08;GRANB8;UND;9;5;11;88;6;;;
GRANC;GRANATE CASCAJO;GRANC;UND;2;9;3;63;6;;;
GRANF11;GRANATE FACETEADO BOLA # 11 - 12;GRANF11;UND;16;5;20;62;6;;;
GRANP;GRANATE PASTILLA;GRANP;UND;5;2;6;5;6;;;
GRANT;GRANATE TUBO;GRANT;UND;5;5;6;88;6;;;
GRANV;GRANATE VARIOS MODELOS;GRANV;UND;5;5;6;88;6;;;
HALG;HILO ALGODON GRUESO;HALG;UND;1;5;1;8;6;;;
HALGF;HILO ALGODON FINO;HALGF;UND;1;2;1;44;6;;;
HELAST;HILO ELASTICO COLOR;HELAST;UND;0;5;0;63;6;;;
HILBX12;HILO DE BORDAR x 12 un.;HILBX12;UND;1;3;1;63;6;;;
HILDCEL;HILO DIJE PARA CELULAR;HILDCEL;UND;1;5;1;88;6;;;
HILNY;HILO NYLON;HILNY;UND;0;5;0;63;6;;;
HILOC;HILO CUERO;HILOC;UND;0;19;0;23;6;;;
HILOP;HILO PERLA;HILOP;UND;1;95;2;44;6;;;
HILP;HILO PARA COSERX12CAJA;HILP;UND;1;2;1;44;6;;;
HILPDOR;HILO PLATEADO/DORADO;HILPDOR;UND;0;95;1;2;6;;;
HILPDPX;HILO PLATEADO DORADO x ROLLO PEQ.;HILPDPX;UND;1;2;1;5;6;;;
HILP/DX8;HILO PLATEADO /DORADO x 8 un.;HILP/DX8;UND;1;2;1;5;6;;;
LETDOM;"LETRA DIAMANTE "" O"" MEDIANA";LETDOM;UND;0;45;0;54;6;;;
LETDOP;"LETRA DIAMANTE ""O"" PEQUEÑA.";LETDOP;UND;0;4;0;5;6;;;
LOPA;"LETRA ""O"" PARA PEGAR ATACHE";LOPA;UND;0;15;0;19;6;;;
LPC;LAZO PARA CINTURON;LPC;UND;0;38;0;48;6;;;
LLAVMO;LLAVERO METALICO OFERTA;LLAVMO;UND;0;45;0;45;6;;;
MALLGR;MUÑECO ANGELES LLAVERO GRANDE;MALLGR;UND;0;75;0;9;6;;;
MPLLMD;MUÑECO PARA LLAVERO MEDIANO;MPLLMD;UND;0;4;0;48;6;;;
MUNLLA;MUÑECO PARA LLAVERO;MUNLLA;UND;0;98;1;23;6;;;
MUNLLM;MUÑECO PARA LLAVERO MOVIBLE;MUNLLM;UND;2;25;2;81;6;;;
MUNLLP;MUÑECO PARA LLAVERO PEQUEÑO;MUNLLP;UND;0;32;0;4;6;;;
MURB08;MURRINA BOLA # 08;MURB08;UND;1;25;1;56;6;;;
MURB10;MURRINA BOLA # 10;MURB10;UND;1;75;2;19;6;;;
PA6B10T;PIEDRA AGATA 6 BORDES 10x30 TI;PA6B10T;UND;7;5;9;38;6;;;
PA6BP;PIEDRA AGATA 6 BORDES PEQUEÑA;PA6BP;UND;7;5;9;38;6;;;
PAB10;PIEDRA MATISTA BOLA # 10;PAB10;UND;7;5;9;38;6;;;
PAB12;PIEDRA MATISTA BOLA # 12;PAB12;UND;8;5;10;63;6;;;
PAB6;PIEDRA MATISTA BOLA # 06;PAB6;UND;5;2;6;5;6;;;
PAB8;PIEDRA MATISTA BOLA # 08;PAB8;UND;6;5;8;13;6;;;
PABG;PERLA ARROZ BRILLO GRANDE;PABG;UND;13;5;16;89;6;;;
PAE10;PIEDRA AGATA ENTORCHADA # 10;PAE10;UND;6;5;8;13;6;;;
PAEN;PIEDRA AGATA ENTORCHADA;PAEN;UND;3;35;4;69;6;;;
PAF16;PERLA ARROZ FINA # 16;PAF16;UND;16;5;20;63;6;;;
PAF2;PERLA ARROZ FINA 0.2;PAF2;UND;4;5;5;63;6;;;
PAF4;PERLA ARROZ FINA 0.4;PAF4;UND;3;75;4;69;6;;;
PAF6;PERLA ARROZ FINA 0.6;PAF6;UND;4;43;5;54;6;;;
PAF7;PERLA ARROZ FINA 0.7;PAF7;UND;6;3;7;88;6;;;
PAF8;PERLA ARROZ FINA 0.8;PAF8;UND;12;75;15;94;6;;;
PAF9;PERLA ARROZ FINA 0.9;PAF9;UND;14;85;18;57;6;;;
PAH3/7;PERLA NAT. HUEVO3/7 GD.;PAH3/7;UND;12;75;15;9;6;;;
PALCIRC;PALILLOS CIRCULARES;PALCIRC;UND;1;3;1;63;6;;;
PALTEJE;PALILLOS PARA TEJER;PALTEJE;UND;0;6;0;75;6;;;
PALTEPL;PALILLOS PARA TEJER PLASTICO;PALTEPL;UND;0;3;0;38;6;;;
PALTEX4;PALILLOS PARA TEJER x 4;PALTEX4;UND;0;75;0;94;6;;;
PANPTI;PIEDRA AGATA NAT. PASTILLA TIRA;PANPTI;UND;5;35;6;42;6;;;
PAO10;PIEDRA AGATA OVALO 10 x 30;PAO10;UND;7;5;9;38;6;;;
PAR20;PIEDRA AGATA ROMBO 20 X 32;PAR20;UND;4;5;5;63;6;;;
PAR35;PIEDRA AGATA ROMBO 35 X 35;PAR35;UND;5;5;6;88;6;;;
PARP;PIEDRA AGATA ROMBO PLANO;PARP;UND;4;9;6;13;6;;;
PATPQ;PIEDRA AGATA TUBO PEQUEÑO;PATPQ;UND;3;5;4;38;6;;;
PC13X18T;PIEDRA NATURAL CILINDRO 13X18 TIRA;PC13X18T;UND;6;9;8;28;6;;;
PCCG;PIEDRA CONCHA CIRUELO GDE;PCCG;UND;1;95;2;44;6;;;
PCNA;PIEDRA CONCHA NACAR;PCNA;UND;0;5;0;63;6;;;
PCNAT;PIEDRA CONCHA NATURAL;PCNAT;UND;0;65;0;78;6;;;
PDBBPX12;PULS.DIAMT DE BRASIL BOLA/PLANCHA x 12;PDBBPX12;UND;3;5;4;38;6;;;
PDBTX12;PULSERA DIAMANTE DE BRASIL TUBO x 12;PDBTX12;UND;1;3;1;56;6;;;
PEGATU;PEGAMENTO EN TUBO;PEGATU;UND;0;4;0;5;6;;;
PEGATUG;PEGAMENTO GRANDE;PEGATUG;UND;2;8;3;36;6;;;
PEGATUP;PEGAMENTO PEQUENO;PEGATUP;UND;1;2;1;5;6;;;
PEGTELA;PEGAMENTO DE TELA PARA TELA;PEGTELA;UND;1;2;1;5;6;;;
PEGTEPM;PEG./ TELA PARA PIEDRA Y METALES;PEGTEPM;UND;1;8;2;25;6;;;
PEINXPAR;PEINETA x PAR;PEINXPAR;UND;0;25;0;31;6;;;
PELLF1;PELLON FINO 1 mmm;PELLF1;UND;0;75;0;94;6;;;
PELLG2;PELLON GDE. 2 mm;PELLG2;UND;1;25;1;57;6;;;
PEMETAF;PEPA METALIZADA FDA/GDE;PEMETAF;UND;6;5;7;8;6;;;
PERL10;PERLA FINA # 9 - # 10 - # 11;PERL10;UND;11;25;13;5;6;;;
PERL5;PERLA 5/6;PERL5;UND;1;9;2;38;6;;;
PERL9;PERLA # 9;PERL9;UND;2;9;3;63;6;;;
PERP4;PERLA PLASTICA # 4;PERP4;UND;0;3;0;38;6;;;
PERP5;PERLA PLASTICA # 5;PERP5;UND;0;3;0;38;6;;;
PFP10;PERLA FINA PASTILLA # 10;PFP10;UND;13;5;16;88;6;;;
PIB04;PIEDRA BOLA # 4;PIB04;UND;1;9;2;37;6;;;
PIB08;PIEDRA BOLA # 8;PIB08;UND;2;9;3;48;6;;;
PIB10;PIEDRA BOLA # 10;PIB10;UND;3;4;4;8;6;;;
PIB12;PIEDRA BOLA # 12;PIB12;UND;3;8;4;56;6;;;
PICG;PIEDRA CONCHA GRANDE;PICG;UND;0;65;0;82;6;;;
PIDOTT;PIEDRA OJO DE TIGRE TUBO;PIDOTT;UND;5;5;6;88;6;;;
PIEA;PIEDRA MATISTA;PIEA;UND;5;5;6;88;6;;;
PIEN10;PIEDRA NATURAL # 10;PIEN10;UND;6;5;8;13;6;;;
PIEN14;PIEDRA NATURAL # 14;PIEN14;UND;7;5;9;38;6;;;
PIENDP;PIEDRA NATURAL DIJE PASTILLA;PIENDP;UND;4;95;6;19;6;;;
PIENVM;PIEDRA NATURAL VARIOS MODELOS;PIENVM;UND;0;5;0;63;6;;;
PIEOGE;PIEDRA OJO DE GATO ENTORCHADO;PIEOGE;UND;3;9;4;88;6;;;
PIEOGP;PIEDRA OJO DE GATO PASTILLA;PIEOGP;UND;2;5;3;13;6;;;
PIGA;TIRA PIEDRA GRANDE AMATISTA;PIGA;UND;3;5;4;38;6;;;
PINB04;PIEDRA NATURAL BOLA # 4;PINB04;UND;3;5;4;38;6;;;
PINB08;PIEDRA NATURAL BOLA # 08;PINB08;UND;5;5;6;88;6;;;
PINB12;PIEDRA NATURAL BOLA # 12;PINB12;UND;6;5;8;13;6;;;
PINBTA;PIEDRA NATURAL BENTURINA TAMBOR 11x14;PINBTA;UND;3;9;4;88;6;;;
PINC11;PIEDRA NATURAL CILINDRO 11 X 14;PINC11;UND;3;9;4;88;6;;;
PINDITIR;PIEDRA NATURAL DIJE TIRA;PINDITIR;UND;5;3;6;36;6;;;
PINFPP;PINZA FINA PUNTA PLANA;PINFPP;UND;1;25;1;5;6;;;
PINFPR;PINZA FINA PUNTA REDONDA;PINFPR;UND;1;25;1;57;6;;;
PINPPL;PINZA PUNTA PLANA;PINPPL;UND;1;4;1;75;6;;;
PINPR;PINZA PUNTA REDONDA;PINPR;UND;1;68;2;1;6;;;
PINT11;PIEDRA NATURAL TAMBOR 11 X 14;PINT11;UND;3;9;4;88;6;;;
PINZAE;PINZA PARA ELASTICO;PINZAE;UND;0;25;0;31;6;;;
PINZALI;PINZA ALICATE;PINZALI;UND;1;25;1;57;6;;;
PINZBFI;PINZA DE BISUTERIA FINA;PINZBFI;UND;0;6;0;76;6;;;
PIOTTP;PIEDRA OJO DE TIGRE TUBO PEQ.;PIOTTP;UND;4;5;5;63;6;;;
PIVB10;PIEDRA VITRO FUSION BOLA # 10;PIVB10;UND;4;5;5;63;6;;;
PIVB12;PIEDRA VITRO FUSION BOLA # 12;PIVB12;UND;4;5;5;63;6;;;
PIVT10;PIEDRA VITRO FUSION TUBO 10x10;PIVT10;UND;4;5;5;63;6;;;
PJAG;PERLA JAPONESA ARRUGADA GOTA;PJAG;UND;1;7;1;79;6;;;
PJAP10;PERLA JAPONESA # 10;PJAP10;UND;1;1;1;38;6;;;
PJAP12;PERLA JAPONESA # 12;PJAP12;UND;1;25;1;57;6;;;
PJAP16;PERLA JAPONESA # 16;PJAP16;UND;3;42;4;11;6;;;
PJAP4;PERLA JAPONESA 0.4;PJAP4;UND;0;5;0;63;6;;;
PJAP6;PERLA JAPONESA 0.6;PJAP6;UND;0;6;0;75;6;;;
PJAP8;PERLA JAPONESA 0.8;PJAP8;UND;0;75;0;94;6;;;
PJINDG;PEPA JIAN TAI DIJE GRANDE;PJINDG;UND;1;5;1;89;6;;;
PJINDIJ;PEPA JIAN TAI DIJE;PJINDIJ;UND;0;4;0;5;6;;;
PJINR;PEPA JIANG TAI ROMBO;PJINR;UND;0;14;0;18;6;;;
PJIP18;PEPA JIAN TAI #18 PULIDA;PJIP18;UND;0;85;1;6;6;;;
PMB10;PIEDRA MALAKITA BOLA # 10;PMB10;UND;6;5;8;13;6;;;
PMB14;PIEDRA MALAKITA BOLA # 14;PMB14;UND;9;5;11;88;6;;;
PMEB04;PEPA METALIZADA ESPECIAL BOLA # 04;PMEB04;UND;1;25;1;58;6;;;
PMEB06;PEPA METALIZADA ESPECIAL BOLA # 06;PMEB06;UND;1;3;1;64;6;;;
PMEB08;PEPA METALIZADA ESPECIAL BOLA # 08;PMEB08;UND;1;35;1;7;6;;;
PMEB10;PEPA METALIZADA ESPECIAL BOLA # 10;PMEB10;UND;1;9;2;39;6;;;
PMEB12;PEPA METALIZADA ESPECIAL BOLA # 12;PMEB12;UND;2;5;3;15;6;;;
PMEC06;PEPA METALIZADA ESPECIAL CUADRADO 6X10;PMEC06;UND;2;1;2;65;6;;;
PMEC10;PEPA METALIZADA ESPECIAL CUADRADO 10X 12;PMEC10;UND;2;2;2;77;6;;;
PMET04;PEPA METALIZADA ESPECIAL TUBO 4 X 6;PMET04;UND;1;3;1;64;6;;;
PMET06;PEPA METALIZADA ESPECIAL TUBO 6X15;PMET06;UND;1;35;1;7;6;;;
PMPL;PULSERA MADERA CON PLACA LARGA;PMPL;UND;0;78;0;98;6;;;
PNACO;PERLA NATURAL COLOR;PNACO;UND;1;2;1;51;6;;;
PNB2HGT;PIEDRA NAT.BENTURINA 2H.GRAND T;PNB2HGT;UND;6;75;8;1;6;;;
PNB2HP;PIEDRA NATURAL BENTURINA 2 HUECOS PQ.;PNB2HP;UND;6;5;8;13;6;;;
PNBB08;PIEDRA NATURAL BENTURINA BOLA #8;PNBB08;UND;3;5;4;38;6;;;
PNG09;PIEDRA NATURAL GOTA 9 X 12;PNG09;UND;3;8;4;75;6;;;
PNG10;PIEDRA NATURAL GOTA 10 X 14;PNG10;UND;3;9;4;88;6;;;
PNG13TI;PIEDRA NATURAL GOTA 13X18 TIRA;PNG13TI;UND;4;95;5;94;6;;;
PNREC;PIEDRA NATURAL RECTANGULO;PNREC;UND;4;3;5;38;6;;;
PNT13TI;PIED. NAT. TAMBOR 13X18 TI;PNT13TI;UND;6;9;8;28;6;;;
POG14TI;PIED. O/GATO BOLA #14 TIR;POG14TI;UND;4;5;5;4;6;;;
POGB06;PIEDRA OJO DE GATO BOLA # 6;POGB06;UND;1;2;1;51;6;;;
POGB08;PIEDRA OJO DE GATO BOLA # 8;POGB08;UND;1;6;2;2;6;;;
POGB10;PIEDRA OJO DE GATO BOLA # 10;POGB10;UND;2;5;3;15;6;;;
POGB12;PIEDRA OJO DE GATO BOLA # 12;POGB12;UND;3;25;4;6;6;;;
POGB14;PIEDRA OJO DE GATO BOLA # 14;POGB14;UND;0;22;0;28;6;;;
POGCUA;PIEDRA OJO DE GATO CUADRADO;POGCUA;UND;2;5;3;13;6;;;
POGD04;PIEDRA OJO DE GATO DIAMANTE # 04;POGD04;UND;2;5;3;15;6;;;
POGD06;PIEDRA OJO DE GATO DIAMANTE # 06;POGD06;UND;2;75;3;44;6;;;
POGD10;PIEDRA OJO DE GATO DIAMANTE # 10;POGD10;UND;3;6;4;5;6;;;
POGD12;PIEDRA OJO DE GATO DIAMANTE # 12;POGD12;UND;4;25;5;31;6;;;
POGDRP;PIEDRA OJO DE GATO DIJE RECTANG./PQ;POGDRP;UND;2;75;3;44;6;;;
POGDRT;PIED. O/ GATO DIJE RECT. TIRA;POGDRT;UND;3;9;4;88;6;;;
POTB06;PIEDRA OJO DE TIGRE BOLA # 06;POTB06;UND;4;5;5;62;6;;;
POTB08;PIEDRA OJO DE TIGRE BOLA # 08;POTB08;UND;5;5;6;88;6;;;
POTB10;PIEDRA OJO DE TIGRE BOLA # 10;POTB10;UND;7;5;9;38;6;;;
POTB12;PIEDRA OJO DE TIGRE BOLA # 12;POTB12;UND;9;5;11;88;6;;;
POTC06;PIEDRA OJO DE TIGRE CUADRADO # 06;POTC06;UND;5;5;6;88;6;;;
POTC12;PIEDRA OJO DE TIGRE CORAZON #12;POTC12;UND;8;5;10;63;6;;;
POTO10;PIEDRA OJO DE TIGRE OVALO 10 X 30;POTO10;UND;9;5;11;88;6;;;
POTR10;PIEDRA OJO DE TIGRE ROMBO 10 x 10;POTR10;UND;6;5;8;13;6;;;
POTR14;PIEDRA OJO DE TIGRE ROMBO 14 x 14;POTR14;UND;8;5;10;63;6;;;
POTR19;PIEDRA OJO DE TIGRE ROMBO 19 x 29;POTR19;UND;11;5;14;38;6;;;
POTR25;PIEDRA OJO DE TIGRE ROMBO 25 x 35;POTR25;UND;13;5;16;88;6;;;
POTRGT;PIED.O/TIGRE RECT.GR TIR;POTRGT;UND;13;5;16;2;6;;;
PPC;PULSERA PEQUEÑA DE COCO;PPC;UND;0;7;0;84;6;;;
PPHG;PINZ.  PARA HUECO GRANDE;PPHG;UND;4;5;5;63;6;;;
PPHH;PINZA PARA HACER HUECOS;PPHH;UND;3;5;4;2;6;;;
PPM;PULSERA PEPA MADERA;PPM;UND;0;42;0;44;6;;;
PPS10;PERLA PLASTICA SARTA # 10;PPS10;UND;1;25;1;57;6;;;
PPS12;PERLA PLASTICA SARTA # 12;PPS12;UND;1;4;1;75;6;;;
PPS14;PERLA PLASTICA SARTA # 14;PPS14;UND;1;75;2;19;6;;;
PPS16;PERLA PLASTICA SARTA# 16;PPS16;UND;2;95;3;69;6;;;
PPS20;PERLA PLASTICA SARTA # 20;PPS20;UND;3;25;4;7;6;;;
PPS6;PERLA PLASTICA SARTA # 6;PPS6;UND;0;75;0;94;6;;;
PPS8;PERLA PLASTICA SARTA #  8;PPS8;UND;0;9;1;13;6;;;
PPTPLAS;PALILLOS PARA TEJER PLAS.;PPTPLAS;UND;0;3;0;36;6;;;
PULCN;PULSERA CONCHA NATURAL;PULCN;UND;1;25;1;5;6;;;
PULGTA;PULSERA GOTA TAGUA;PULGTA;UND;1;2;1;5;6;;;
PULSAG;PULSERA AGATA;PULSAG;UND;3;9;4;88;6;;;
PVB10N;PIEDRA VITRO-FUSION BOLA # 10 NUEVA;PVB10N;UND;4;9;5;88;6;;;
PVNAT;PERLA VELA NATURAL;PVNAT;UND;9;8;12;25;6;;;
R56891;REVISTA ( 5 - 6 - 8-9-10;R56891;UND;1;75;2;19;6;;;
RALJG;ROLLO ALAMBRE DE JOYERIA/GDE;RALJG;UND;1;5;1;89;6;;;
RALJP;ROLLO ALAMBRE JOYERIA PEQ/;RALJP;UND;0;5;0;6;6;;;
RAND10;RANDELAS - BOLA # 10;RAND10;UND;5;75;7;19;6;;;
RAND12;RANDELAS # 12;RAND12;UND;6;5;7;57;6;;;
RAND14;RANDELA # 14;RAND14;UND;8;25;10;31;6;;;
RBBO08;RANDELAS - BOLA # 8;RBBO08;UND;5;25;6;56;6;;;
RECTAG;RECORTE TAGUA;RECTAG;UND;0;8;0;1;6;;;
REVI07;REVISTA #7;REVI07;UND;2;1;2;63;6;;;
REVI23;REVISTA DE BISUTERIA 2-3-4;REVI23;UND;1;5;1;88;6;;;
RHP/DP;ROLLO HILO PLATEADO/DORADO PEQ/;RHP/DP;UND;0;5;0;6;6;;;
RN/ELAS;ROLLO NAYLON ELASTICO;RN/ELAS;UND;9;5;11;4;6;;;
ROALGU;ROLLO DE ALAMBRE / GUAYA;ROALGU;UND;1;5;1;88;6;;;
ROLLCS;ROLLO CORDON DE SEDA;ROLLCS;UND;5;5;5;5;6;;;
RPUYCO;RELOJ PARA PULSERA Y COLLAR;RPUYCO;UND;2;9;3;63;6;;;
RRBO04;RANDELAS - ROMBO - BOLA # 04;RRBO04;UND;3;25;4;6;6;;;
RRBO06;RANDELAS - ROMBO- BOLA # 6;RRBO06;UND;4;75;5;94;6;;;
SARTCM;SOBRE PARA COLLAR MEDIANO;SARTCM;UND;4;5;5;63;6;;;
SARTL;SOBRE PARA COLLAR LARGO;SARTL;UND;2;8;3;36;6;;;
SARTM;SOBRE PARA ARETE MEDIANO;SARTM;UND;1;95;2;44;6;;;
SARTP;SOBRE PARA ARETE PEQUEÑO;SARTP;UND;1;4;1;75;6;;;
SB10HD;SEPARADOR BOLA # 10 CON DIAMANTE;SB10HD;UND;0;9;1;13;6;;;
SB14HG;SEPARADOR  BOLA # 14 HUECO GRANDE;SB14HG;UND;0;4;0;5;6;;;
SDC2X1;SEPARADOR DIAMANTE CUBO 2X2X1;SDC2X1;UND;0;75;0;94;6;;;
SDC2X2;SEPARADOR DIAMANTE CUBO 2X2;SDC2X2;UND;0;85;1;7;6;;;
SDC3X3;SEPARADOR DIAMANTE CUBO 3X3;SDC3X3;UND;1;85;2;31;6;;;
SDC7X1;SEPARADOR DIAMANTE CILINDRO 7 X 10;SDC7X1;UND;1;5;1;88;6;;;
SDEM08;SEPARADOR CON DIAMANTE EN MEDIO # 8;SDEM08;UND;0;27;0;34;6;;;
SDEM10;SEPARADOR CON DIAMANTE EN MEDIO # 10;SDEM10;UND;0;3;0;38;6;;;
SDEM12;SEPARADOR CON DIAMANTE EN MEDIO # 12;SDEM12;UND;0;35;0;45;6;;;
SDIJPE;SUJETADOR DE DIJE PEGABLE;SDIJPE;UND;0;9;0;12;6;;;
SDIYCA;SUJETADOR DE DIJE  Y CADENA;SDIYCA;UND;0;75;0;94;6;;;
SDR2X23;SEPARADOR DIAMANTE RECT. 2X2X3;SDR2X23;UND;2;5;3;13;6;;;
SDT14;SEPARADR DIAMANTE TUBO # 14;SDT14;UND;2;5;3;13;6;;;
SDT5X1;SEPARADOR DIAMANTE TUBO 5X10;SDT5X1;UND;1;35;1;69;6;;;
SDT6X1;SEPARADOR DIAMANTE TUBO 6X10;SDT6X1;UND;1;75;2;19;6;;;
SDT6X8;SEPARADOR DIAMANTE TUBO 6X8;SDT6X8;UND;1;5;1;88;6;;;
SE2HCD;SEPARADOR 2 HUECOS CON DIAMANTE;SE2HCD;UND;0;35;0;44;6;;;
SECI10;SEPARADOR CILINDRO 10 X 15;SECI10;UND;0;5;0;63;6;;;
SED3HF;SEPARADOR DIAMANTE 3 HUECOS FINO;SED3HF;UND;0;35;0;44;6;;;
SEDB06;SEPARADOR DIAMANTE BOLA # 6;SEDB06;UND;0;4;0;5;6;;;
SEDB08;SEPARADOR DIAMANTE BOLA # 8;SEDB08;UND;0;45;0;57;6;;;
SEDB10;SEPARADOR DIAMANTE BOLA #10;SEDB10;UND;0;55;0;69;6;;;
SEDB12;SEPARADOR DIAMANTE BOLA # 12;SEDB12;UND;0;65;0;82;6;;;
SEDB14;SEPARADOR DIAMANTE BOLA # 14;SEDB14;UND;0;9;1;13;6;;;
SEDB16;SEPARADOR DIAMANTE BOLA # 16;SEDB16;UND;1;1;1;38;6;;;
SEDB1618;SEPARADOR DIAMANTE BOLA # 16-18;SEDB1618;UND;1;2;1;5;6;;;
SEDOGR;SEPARADOR DIAMANTE OVALO GDE.;SEDOGR;UND;0;6;0;75;6;;;
SEDT05;SEPARADOR DIAMANTE TUBO # 05;SEDT05;UND;1;25;1;57;6;;;
SEDTC1;SEP.DMANTE TUBO-CILINDRO 2X10;SEDTC1;UND;0;75;0;94;6;;;
SEDTC3;SEP. DIAMANTE TUBO-CILINDRO 3X10;SEDTC3;UND;0;85;1;7;6;;;
SEP5H;SEPARADOR DIAMANTE 5 HUECOS;SEP5H;UND;0;45;0;57;6;;;
SEPCAT;SEPARADOR CON ATACHE.;SEPCAT;UND;0;2;0;25;6;;;
SEPDAN;SEPARADOR DIAMANTE ANILLO;SEPDAN;UND;0;95;1;19;6;;;
SEPDHO;SEPARADOR DIAMANTE HOJA;SEPDHO;UND;0;55;0;69;6;;;
SFCDGR;SEPARADOR FLOR CON DIAMANTE GDE.;SFCDGR;UND;0;45;0;57;6;;;
SFCDPQ;SEPARADOR FLOR CON DIAMANTE PEQ.;SFCDPQ;UND;0;3;0;38;6;;;
SLIQUI;SILICON LIQUIDO;SLIQUI;UND;0;45;0;57;6;;;
SLIQX100;SILICON LIQUIDO x 100g;SLIQX100;UND;0;95;1;19;6;;;
SOB/A;SOBRES PARA ARETE;SOB/A;UND;1;88;2;26;6;;;
SOB/C;SOBRES PARA COLLAR;SOB/C;UND;6;88;6;88;6;;;
SOB/P;SOBRES PARA PULSERA;SOB/P;UND;2;75;3;3;6;;;
SUDIJE;SUJETADOR DE DIJE FINO;SUDIJE;UND;0;55;0;68;6;;;
TAJTAG;TAJADITAS;TAJTAG;UND;0;12;0;16;6;;;
TC10X3M;TIRA CONCHA 10 X 30 MED.;TC10X3M;UND;1;5;1;88;6;;;
TC15X3G;TIRA CONCHA 15 x 30 GDE.;TC15X3G;UND;1;7;2;13;6;;;
TC8X17P;TIRA CONCHA 8 X 17 PEQ.;TC8X17P;UND;1;3;1;63;6;;;
TCC1.0X1;TIRA  CONCHA CIRUELO 1.0 x 1.0;TCC1.0X1;UND;0;95;1;14;6;;;
TCD;TIRA CUERO DOBLE;TCD;UND;1;5;1;87;6;;;
TCDOR;TIJERA DORADA;TCDOR;UND;4;5;5;63;6;;;
TCENP;TIRA CUERO ENTRENSADA PEQ.;TCENP;UND;0;95;1;19;6;;;
TCINAN;TIRA PARA CINTURON ANCHA;TCINAN;UND;2;7;3;38;6;;;
TCNC;TIRA CONCHA NATURAL COLOR;TCNC;UND;0;95;1;2;6;;;
TCR1.5X2;TIRA CIRUELO RECTANGULAR 1.5 x 2.0;TCR1.5X2;UND;1;65;2;7;6;;;
TCURXRP;TIRAS DE CUERO x ROLLO PEQ.;TCURXRP;UND;4;5;5;63;6;;;
TICINTU;TIRA PARA CINTURON;TICINTU;UND;0;95;1;19;6;;;
TICUE;TIRAS DE CUERO;TICUE;UND;1;8;1;3;6;;;
TIJER3;TIJERA # 3;TIJER3;UND;2;25;2;82;6;;;
TIJER4;TIJERA # 4;TIJER4;UND;1;25;1;57;6;;;
TIRAGY;TIRAS DE GIPIUR;TIRAGY;UND;1;3;1;63;6;;;
TIRAP2;TIRA PLASTICA # 2;TIRAP2;UND;1;8;2;25;6;;;
TIRAP5;TIRA PLASTICA # 5;TIRAP5;UND;0;5;0;63;6;;;
TIRAPV;TIRA PLASTICA V/MODELOS;TIRAPV;UND;1;5;1;88;6;;;
TIRGYM;TIRAS DE GIPIUR MEDIANA;TIRGYM;UND;0;95;1;19;6;;;
TIRGYP;TIRAS DE GIPIUR PEQUEÑA;TIRGYP;UND;0;65;0;81;6;;;
TMEDCI;TIRA MEDIANA PARA CINTURON;TMEDCI;UND;1;65;2;6;6;;;
TPAATA;TIRA PLASTICA PARA APLICAR ATACHE;TPAATA;UND;0;5;0;63;6;;;
TPDANC;TIRA PLASTICA DOBLE  ANCHO;TPDANC;UND;2;8;3;5;6;;;
TPDAXRO;TIRA PLASTICA DOBLE  ANCHO ROLLO;TPDAXRO;UND;25;2;30;24;6;;;
TPLASA;TIRA PLASTICA ANCHA;TPLASA;UND;1;2;1;5;6;;;
UCBF1.5;UNION DE CADENA BOLA FINA 1.5;UCBF1.5;UND;1;8;2;16;6;;;
UCBF2.4;UNION DE CADENA BOLA FINA 2.4;UCBF2.4;UND;1;9;2;4;6;;;
UCBF3.2;UNION DE CADENA BOLA FINA 3.2;UCBF3.2;UND;2;3;2;3;6;;;
UCSYB2.4F;UNION DE CADENA SYB 2.4 FG;UCSYB2.4;UND;1;5;1;8;6;;;
UCSYB3.2F;UNION DE CADENA SYB 3.2 FG;UCSYB3.2F;UND;1;65;1;98;6;;;
CORTH;CORTA HILACHAS;CORTH;UND;0;5;0;63;12;;;
CHAARN;CHAQUIRA (amarilla;azul;roja;naranja);CHAARN;UND;2;25;2;82;6
CA/30;CADENA A/30;CA/30;UND;0;73;0;92;100;;;
CAB1.5;CADENA BOLA 1.5;CAB1.5;UND;0;5;0;63;100;;;
CAB1.5B;CADENA BOLA 1.5 BRONCE;CAB1.5B;UND;0;54;0;68;100;;;
CAB2.0;CADENA BOLA 2.0;CAB2.0;UND;0;66;0;83;100;;;
CAB2.0B;CADENA BOLA 2.0 BRONCE;CAB2.0B;UND;0;72;0;9;100;;;
CAB2.4X4;CADENA B2.4 x 4.8;CAB2.4X4;UND;0;95;1;19;100;;;
CAB3.2X6;CADENA B 3.2 x 6.4;CAB3.2X6;UND;1;2;1;5;100;;;
CACR2.4;CADENA CR 2.4;CACR2.4;UND;0;65;0;81;100;;;
CADGRU;CADENA GRUESA;CADGRU;UND;1;13;1;42;100;;;
CADK13;CADENA K13;CADK13;UND;0;88;1;1;100;;;
CADK14;CADENA K14;CADK14;UND;0;65;0;82;100;;;
CADK15;CADENA K15;CADK15;UND;0;58;0;73;100;;;
CADK16;CADENA K16;CADK16;UND;0;65;0;82;100;;;
CADK17;CADENA K17;CADK17;UND;0;6;0;75;100;;;
CADK18;CADENA K18;CADK18;UND;0;35;0;44;100;;;
CADL19;CADENA L19;CADL19;UND;0;3;0;38;100;;;
CADO100;CADENA O 100 mt;CADO100;UND;0;15;0;21;100;;;
CAK1620;CADENA K1620;CAK1620;UND;0;75;0;9;100;;;
CAK1621D;CADENA K 1621 DIAMANTADA;CAK1621D;UND;0;75;0;9;100;;;
CAK1622;CADENA K1622;CAK1622;UND;0;68;0;85;100;;;
CAK1809;CADENA K1809;CAK1809;UND;0;6;0;72;100;;;
CAK19;CADENA K19;CAK19;UND;1;1;1;38;100;;;
CAK75;CADENA K75;CAK75;UND;0;62;0;81;100;;;
CAK846;CADENA K846;CAK846;UND;6;5;7;8;100;;;
CAPLAFI;CADENA PLANA FINA;CAPLAFI;UND;0;15;0;2;100;;;
CAPLAGR;CADENA PLANA GRUESA;CAPLAGR;UND;0;19;0;24;100;;;
CBF1.5X3;CADENA BOLA FINA 1.5 X 3.0;CBF1.5X3;UND;0;85;1;6;100;;;
CDTM1.9;CADENA TM 1.9;CDTM1.9;UND;0;6;0;72;100;;;
CK1032;CADENA K1032;CK1032;UND;1;7;2;4;100;;;
CK1046;CADENA K1046;CK1046;UND;1;75;2;19;100;;;
CK1047;CADENA K1047;CK1047;UND;4;25;5;31;100;;;
CK10615;CADENA K10615;CK10615;UND;5;25;6;3;100;;;
CK10619;CADENA K10619;CK10619;UND;4;2;5;4;100;;;
CK12306;CADENA K12306;CK12306;UND;1;9;2;38;100;;;
CK1233;CADENA K 1233;CK1233;UND;1;3;1;56;100;;;
CK13301;CADENA K13301;CK13301;UND;2;85;3;57;100;;;
CK13608;CADENA K13608;CK13608;UND;2;25;2;7;100;;;
CK1426;CADENA K1426;CK1426;UND;2;55;3;6;100;;;
CK1466;CADENA K1466;CK1466;UND;3;75;4;69;100;;;
CK1721;CADENA K 1721;CK1721;UND;1;35;1;62;100;;;
CK1819;CADENA K819;CK1819;UND;4;5;5;4;100;;;
CK18D;CADENA K18 DOBLE;CK18D;UND;1;38;1;8;100;;;
CK826;CADENA K826;CK826;UND;5;25;6;3;100;;;
CSYB1.9;CADENA SYB 1.9;CSYB1.9;UND;1;9;2;28;100;;;
CSYB3.2;CADENA SYB 3.2;CSYB3.2;UND;2;2;2;64;100;;;
CW19;CADENA W19;CW19;UND;0;62;0;8;100;;;
CY1419;CADENA Y 1419;CY1419;UND;0;85;1;7;100;;;
CY1455;CADENA  Y1455;CY1455;UND;0;95;1;19;100;;;
CY1737;CADENA Y1737;CY1737;UND;0;85;1;2;100;;;
CY1738;CADENA Y1738;CY1738;UND;1;2;1;44;100;;;
CY1739;CADENA Y 1739;CY1739;UND;1;3;1;63;100;;;
CY18-18;CADENA Y-1818;CY18-18;UND;0;75;0;94;100;;;
CY1829;CADENA Y1829;CY1829;UND;0;85;1;8;100;;;
CY1906;CADENA Y-1906;CY1906;UND;0;75;0;94;100;;;
CY1925;CADENA Y1925;CY1925;UND;0;85;1;2;100;;;
CY1926;CADENA Y 1926;CY1926;UND;1;4;1;75;100;;;
HILCM;HILO CUERO METALIZADO;HILCM;UND;0;14;0;18;100;;;
HILCTB;HILO CUERO TRENSADO CON BRILLO;HILCTB;UND;0;23;0;29;100;;;
HILCTD;HILO CUERO TRENSADO DOBLE;HILCTD;UND;0;33;0;41;100;;;
HILCTP;HILO CUERO TRENSADO PLANO;HILCTP;UND;0;27;0;34;100;;;
HILCTR;HILO CUERO TRENSADO;HILCTR;UND;0;18;0;23;100;;;
CACBR;CADENA COBRE / BRONCE;CACBR;UND;0;12;0;15;60M;;;
CADO;CADENA O;CADO;UND;0;15;0;21;60M;;;
CADT21;CADENA T21;CADT21;UND;0;1;0;14;60M;;;
APLIXM;APLIQUE x METRO;APLIXM;UND;1;5;1;9;6M;;;
CHAXM;CHAQUIRA X METRO;CHAXM;UND;0;1;0;13;6M;;;
